25.8,35.4,normal
25.8,41.0,normal
25.8,40.2,normal
25.8,37.0,normal
25.8,39.2,normal
25.8,38.6,normal
25.8,37.4,normal
25.8,38.7,normal
25.8,37.8,normal
25.8,40.3,normal
25.8,38.0,normal
25.8,37.9,normal
25.8,37.8,normal
25.8,34.9,normal
25.8,32.9,normal
25.8,32.3,normal
25.8,35.0,normal
25.8,37.1,normal
25.8,36.4,normal
25.8,39.4,normal
25.8,34.5,normal
25.8,37.3,normal
25.8,32.6,normal
25.8,40.0,normal
25.8,38.6,normal
25.8,40.9,normal
25.8,37.9,normal
25.8,32.2,normal
25.8,33.6,normal
25.8,36.9,normal
25.8,36.1,normal
25.8,39.1,normal
25.8,33.5,normal
25.8,38.1,normal
25.8,35.5,normal
25.8,40.5,normal
25.9,34.5,normal
25.9,36.8,normal
25.9,38.5,normal
25.9,37.1,normal
25.9,40.5,normal
25.9,36.3,normal
25.9,40.9,normal
25.9,36.4,normal
25.9,38.7,normal
25.9,35.9,normal
25.9,36.7,normal
25.9,37.6,normal
25.9,36.0,normal
25.9,35.3,normal
25.9,40.4,normal
25.9,35.1,normal
25.9,33.1,normal
25.9,38.5,normal
25.9,33.1,normal
25.9,32.3,normal
25.9,32.4,normal
25.9,33.4,normal
25.9,40.6,normal
25.9,40.7,normal
25.9,36.5,normal
25.9,37.4,normal
25.9,32.4,normal
25.9,38.5,normal
25.9,39.5,normal
25.9,36.4,normal
25.9,40.6,normal
25.9,38.4,normal
25.9,33.9,normal
25.9,34.3,normal
25.9,40.2,normal
25.9,38.9,normal
25.9,38.6,normal
25.9,38.3,normal
25.9,32.2,normal
25.9,40.2,normal
25.9,34.0,normal
25.9,34.8,normal
25.9,33.6,normal
25.9,40.7,normal
25.9,36.2,normal
25.9,40.0,normal
25.9,38.2,normal
25.9,35.2,normal
25.9,33.3,normal
25.9,40.5,normal
25.9,35.4,normal
25.9,33.6,normal
25.9,37.9,normal
25.9,37.5,normal
25.9,35.5,normal
25.9,34.9,normal
25.9,38.4,normal
25.9,39.3,normal
25.9,39.8,normal
25.9,40.0,normal
25.9,37.4,normal
25.9,35.4,normal
25.9,34.5,normal
25.9,40.4,normal
25.9,33.3,normal
25.9,33.0,normal
25.9,33.1,normal
25.9,35.6,normal
25.9,32.9,normal
25.9,35.0,normal
25.9,33.1,normal
25.9,38.2,normal
25.9,32.7,normal
25.9,40.7,normal
25.9,37.5,normal
25.9,36.3,normal
25.9,40.2,normal
25.9,34.5,normal
25.9,32.1,normal
25.9,34.1,normal
25.9,39.0,normal
25.9,32.1,normal
25.9,40.6,normal
25.9,33.5,normal
25.9,37.7,normal
25.9,40.0,normal
25.9,38.9,normal
25.9,35.6,normal
25.9,33.4,normal
25.9,38.0,normal
25.9,35.9,normal
25.9,34.8,normal
25.9,40.5,normal
25.9,32.4,normal
25.9,34.9,normal
25.9,41.0,normal
25.9,40.7,normal
25.9,32.8,normal
25.9,37.0,normal
25.9,39.1,normal
25.9,34.1,normal
25.9,37.2,normal
25.9,32.4,normal
25.9,38.2,normal
25.9,33.9,normal
25.9,40.9,normal
25.9,36.9,normal
25.9,32.0,normal
25.9,38.4,normal
25.9,37.3,normal
25.9,39.9,normal
25.9,39.0,normal
25.9,40.3,normal
25.9,34.3,normal
25.9,32.1,normal
25.9,33.3,normal
25.9,34.8,normal
25.9,37.2,normal
25.9,36.0,normal
25.9,39.6,normal
25.9,36.4,normal
25.9,39.7,normal
25.9,35.1,normal
25.9,35.7,normal
25.9,40.2,normal
25.9,34.5,normal
25.9,33.5,normal
25.9,40.6,normal
25.9,36.5,normal
25.9,37.4,normal
25.9,39.9,normal
25.9,33.4,normal
25.9,37.8,normal
25.9,37.2,normal
25.9,34.6,normal
25.9,32.3,normal
25.9,39.3,normal
25.9,36.8,normal
25.9,33.0,normal
25.9,35.1,normal
25.9,38.9,normal
25.9,35.1,normal
25.9,40.5,normal
25.9,40.3,normal
25.9,37.0,normal
25.9,36.1,normal
25.9,40.9,normal
25.9,34.3,normal
25.9,33.1,normal
25.9,41.0,normal
25.9,38.0,normal
25.9,32.1,normal
25.9,34.2,normal
25.9,39.3,normal
25.9,39.2,normal
25.9,40.2,normal
26.0,40.5,normal
26.0,35.8,normal
26.0,36.2,normal
26.0,37.2,normal
26.1,34.4,normal
26.1,40.1,normal
26.1,35.9,normal
26.1,34.6,normal
26.3,35.5,normal
26.3,38.8,normal
26.3,35.6,normal
26.3,39.7,normal
26.5,36.2,normal
26.5,39.3,normal
26.5,38.7,normal
26.5,37.5,normal
26.7,36.4,normal
26.7,38.0,normal
26.7,38.7,normal
26.7,36.8,normal
26.9,38.6,normal
26.9,39.5,normal
26.9,39.8,normal
26.9,36.4,normal
27.1,40.2,normal
27.1,37.5,normal
27.1,32.6,normal
27.1,39.3,normal
27.4,38.1,normal
27.4,38.5,normal
27.4,33.6,normal
27.4,32.7,normal
27.7,39.6,normal
27.7,36.1,normal
27.7,38.3,normal
27.7,35.4,normal
28.0,32.7,normal
28.0,40.2,normal
28.0,32.3,normal
28.0,39.7,normal
28.2,36.4,normal
28.2,40.4,normal
28.2,40.5,normal
28.2,38.1,normal
28.6,35.9,normal
28.6,40.9,normal
28.6,33.1,normal
28.6,40.8,normal
28.9,37.4,normal
28.9,36.5,normal
28.9,35.2,normal
28.9,40.1,normal
28.9,38.4,normal
28.9,40.9,normal
28.9,36.8,normal
28.9,40.4,normal
28.9,37.7,normal
28.9,33.4,normal
28.9,39.7,normal
28.9,36.0,normal
28.9,32.0,normal
28.9,38.4,normal
28.8,35.9,normal
28.8,38.9,normal
28.8,32.6,normal
28.8,37.1,normal
28.8,37.6,normal
28.8,35.1,normal
28.8,34.6,normal
28.8,36.0,normal
28.8,40.2,normal
28.8,32.1,normal
28.8,32.1,normal
28.8,40.4,normal
28.8,33.1,normal
28.8,38.6,normal
28.8,32.1,normal
28.8,38.6,normal
28.7,37.7,normal
28.7,38.8,normal
28.7,39.7,normal
28.7,40.2,normal
28.7,40.8,normal
28.7,33.7,normal
28.7,39.2,normal
28.7,35.4,normal
28.7,40.6,normal
28.7,35.6,normal
28.7,37.7,normal
28.7,38.7,normal
28.7,37.9,normal
28.7,35.4,normal
28.7,33.2,normal
28.7,38.7,normal
28.6,35.7,normal
28.6,40.6,normal
28.6,38.0,normal
28.6,38.5,normal
28.6,32.8,normal
28.6,32.6,normal
28.6,39.3,normal
28.6,35.0,normal
28.6,34.0,normal
28.6,35.6,normal
28.6,39.6,normal
28.6,37.8,normal
28.5,35.3,normal
28.5,40.2,normal
28.5,34.6,normal
28.5,38.3,normal
28.5,32.9,normal
28.5,36.9,normal
28.5,39.9,normal
28.5,37.7,normal
28.5,35.3,normal
28.5,33.4,normal
28.5,33.1,normal
28.5,37.8,normal
28.5,35.6,normal
28.5,40.1,normal
28.5,37.8,normal
28.5,32.4,normal
28.5,40.5,normal
28.5,36.5,normal
28.5,35.7,normal
28.5,35.8,normal
28.4,36.3,normal
28.4,38.1,normal
28.4,38.5,normal
28.4,35.0,normal
28.4,35.8,normal
28.4,32.2,normal
28.4,36.7,normal
28.4,38.5,normal
28.4,36.3,normal
28.4,40.3,normal
28.4,38.2,normal
28.4,36.4,normal
28.4,38.4,normal
28.4,40.3,normal
28.4,37.6,normal
28.4,35.1,normal
28.3,38.4,normal
28.3,35.9,normal
28.3,37.8,normal
28.3,39.6,normal
28.3,36.7,normal
28.3,34.0,normal
28.3,33.6,normal
28.3,37.3,normal
28.3,35.1,normal
28.3,33.5,normal
28.3,39.7,normal
28.3,36.3,normal
28.3,39.7,normal
28.3,33.9,normal
28.3,39.3,normal
28.3,37.2,normal
28.2,38.3,normal
28.2,38.0,normal
28.2,36.1,normal
28.2,36.5,normal
28.2,35.3,normal
28.2,32.7,normal
28.2,36.0,normal
28.2,37.4,normal
28.2,36.9,normal
28.2,40.8,normal
28.2,32.5,normal
28.2,37.5,normal
28.1,38.0,normal
28.1,32.0,normal
28.1,37.2,normal
28.1,37.8,normal
28.1,35.3,normal
28.1,35.3,normal
28.1,37.9,normal
28.1,36.3,normal
28.1,32.7,normal
28.1,36.4,normal
28.1,40.7,normal
28.1,32.7,normal
28.1,40.0,normal
28.1,37.3,normal
28.1,39.5,normal
28.1,34.9,normal
28.1,40.0,normal
28.1,34.3,normal
28.1,40.6,normal
28.1,39.2,normal
28.0,34.7,normal
28.0,34.8,normal
28.0,39.4,normal
28.0,39.3,normal
28.0,36.5,normal
28.0,36.7,normal
28.0,39.6,normal
28.0,32.4,normal
28.0,36.0,normal
28.0,32.2,normal
28.0,38.7,normal
28.0,38.3,normal
28.0,34.0,normal
28.0,34.3,normal
28.0,38.4,normal
28.0,37.1,normal
28.0,39.9,normal
28.0,32.1,normal
28.0,37.1,normal
28.0,38.3,normal
28.0,33.9,normal
28.0,34.2,normal
28.0,37.9,normal
28.0,32.1,normal
28.0,40.5,normal
28.0,35.6,normal
28.0,36.6,normal
28.0,37.0,normal
28.0,40.6,normal
28.0,40.6,normal
28.0,34.2,normal
28.0,32.6,normal
28.0,36.6,normal
28.0,33.8,normal
28.0,35.7,normal
28.0,39.1,normal
27.9,32.2,normal
27.9,38.2,normal
27.9,34.4,normal
27.9,32.0,normal
27.9,34.4,normal
27.9,37.6,normal
27.9,33.3,normal
27.9,32.8,normal
27.9,39.3,normal
27.9,37.1,normal
27.9,37.5,normal
27.9,38.3,normal
27.9,33.9,normal
27.9,38.9,normal
27.9,36.4,normal
27.9,39.9,normal
27.8,33.7,normal
27.8,39.5,normal
27.8,40.5,normal
27.8,37.3,normal
27.8,36.0,normal
27.8,34.8,normal
27.8,35.3,normal
27.8,34.4,normal
27.8,33.2,normal
27.8,39.7,normal
27.8,32.5,normal
27.8,34.9,normal
27.8,40.4,normal
27.8,40.3,normal
27.8,32.0,normal
27.8,38.0,normal
27.8,33.4,normal
27.8,39.8,normal
27.8,37.5,normal
27.8,34.5,normal
27.7,32.2,normal
27.7,34.7,normal
27.7,36.5,normal
27.7,39.0,normal
27.7,32.5,normal
27.7,33.3,normal
27.7,36.8,normal
27.7,34.1,normal
27.7,38.3,normal
27.7,32.7,normal
27.7,33.1,normal
27.7,36.2,normal
27.7,35.4,normal
27.7,40.7,normal
27.7,36.2,normal
27.7,40.1,normal
27.7,33.8,normal
27.7,36.7,normal
27.7,38.4,normal
27.7,35.7,normal
27.6,34.8,normal
27.6,39.5,normal
27.6,32.6,normal
27.6,37.2,normal
27.6,36.4,normal
27.6,37.5,normal
27.6,40.0,normal
27.6,32.3,normal
27.6,33.5,normal
27.6,32.2,normal
27.6,35.8,normal
27.6,35.8,normal
27.6,40.1,normal
27.6,39.2,normal
27.6,37.7,normal
27.6,37.4,normal
27.6,40.1,normal
27.6,37.9,normal
27.6,34.0,normal
27.6,39.6,normal
27.6,39.4,normal
27.6,38.8,normal
27.6,36.1,normal
27.6,39.5,normal
27.5,37.8,normal
27.5,33.5,normal
27.5,40.6,normal
27.5,38.1,normal
27.5,38.7,normal
27.5,32.5,normal
27.5,35.6,normal
27.5,40.9,normal
27.5,35.6,normal
27.5,35.2,normal
27.5,32.6,normal
27.5,39.6,normal
27.5,37.1,normal
27.5,34.8,normal
27.5,34.2,normal
27.5,37.5,normal
27.5,38.6,normal
27.5,38.6,normal
27.5,33.7,normal
27.5,39.6,normal
27.5,32.5,normal
27.5,35.8,normal
27.5,35.4,normal
27.5,32.9,normal
27.4,40.7,normal
27.4,40.5,normal
27.4,38.6,normal
27.4,40.9,normal
27.4,36.3,normal
27.4,35.2,normal
27.4,33.7,normal
27.4,32.2,normal
27.4,36.8,normal
27.4,34.5,normal
27.4,40.0,normal
27.4,37.5,normal
27.4,32.4,normal
27.4,39.5,normal
27.4,32.6,normal
27.4,35.2,normal
27.4,35.1,normal
27.4,34.0,normal
27.4,32.2,normal
27.4,34.4,normal
27.4,38.8,normal
27.4,32.8,normal
27.4,38.6,normal
27.4,33.7,normal
27.3,33.8,normal
27.3,35.4,normal
27.3,34.8,normal
27.3,35.6,normal
27.3,39.5,normal
27.3,35.7,normal
27.3,34.4,normal
27.3,37.7,normal
27.3,37.5,normal
27.3,37.3,normal
27.3,40.3,normal
27.3,35.6,normal
27.3,36.1,normal
27.3,34.1,normal
27.3,36.8,normal
27.3,40.5,normal
27.3,35.0,normal
27.3,36.8,normal
27.3,33.6,normal
27.3,33.3,normal
27.3,40.2,normal
27.3,40.6,normal
27.3,32.6,normal
27.3,36.1,normal
27.2,33.9,normal
27.2,37.4,normal
27.2,36.3,normal
27.2,40.9,normal
27.2,36.5,normal
27.2,34.2,normal
27.2,32.4,normal
27.2,34.3,normal
27.2,40.3,normal
27.2,36.7,normal
27.2,35.2,normal
27.2,36.8,normal
27.2,39.7,normal
27.2,32.7,normal
27.2,37.6,normal
27.2,33.5,normal
27.2,32.5,normal
27.2,40.3,normal
27.2,40.9,normal
27.2,37.8,normal
27.2,37.7,normal
27.2,38.4,normal
27.2,33.6,normal
27.2,37.5,normal
27.1,39.7,normal
27.1,33.4,normal
27.1,36.2,normal
27.1,39.3,normal
27.1,37.4,normal
27.1,39.8,normal
27.1,32.2,normal
27.1,40.3,normal
27.1,36.9,normal
27.1,40.3,normal
27.1,34.5,normal
27.1,32.6,normal
27.1,39.3,normal
27.1,40.5,normal
27.1,34.9,normal
27.1,32.9,normal
27.1,35.2,normal
27.1,34.7,normal
27.1,33.5,normal
27.1,39.5,normal
27.1,39.2,normal
27.1,40.3,normal
27.1,35.1,normal
27.1,39.0,normal
27.0,32.6,normal
27.0,38.6,normal
27.0,36.2,normal
27.0,39.0,normal
27.0,35.3,normal
27.0,32.1,normal
27.0,38.5,normal
27.0,36.3,normal
27.0,34.6,normal
27.0,39.9,normal
27.0,35.6,normal
27.0,40.3,normal
27.0,38.0,normal
27.0,35.4,normal
27.0,40.9,normal
27.0,40.5,normal
27.0,36.2,normal
27.0,37.1,normal
27.0,41.0,normal
27.0,34.1,normal
27.0,37.1,normal
27.0,33.7,normal
27.0,33.0,normal
27.0,36.0,normal
27.0,37.1,normal
27.0,39.0,normal
27.0,40.9,normal
27.0,36.0,normal
27.0,32.2,normal
27.0,40.5,normal
27.0,37.5,normal
27.0,34.7,normal
27.0,41.0,normal
27.0,35.9,normal
27.0,38.9,normal
27.0,36.4,normal
27.0,33.0,normal
27.0,38.5,normal
27.0,32.9,normal
27.0,39.6,normal
27.0,35.0,normal
27.0,34.9,normal
27.0,34.7,normal
27.0,37.2,normal
27.0,38.4,normal
27.0,32.3,normal
27.0,33.2,normal
27.0,38.7,normal
27.0,34.7,normal
27.0,32.0,normal
27.0,34.4,normal
27.0,33.2,normal
27.0,37.8,normal
27.0,37.7,normal
27.0,32.8,normal
27.0,40.5,normal
27.0,38.5,normal
27.0,33.8,normal
27.0,41.0,normal
27.0,35.3,normal
27.0,32.1,normal
27.0,32.1,normal
27.0,35.6,normal
27.0,35.9,normal
27.0,35.8,normal
27.0,37.6,normal
27.0,33.2,normal
27.0,33.6,normal
27.0,39.7,normal
27.0,37.5,normal
27.0,40.7,normal
27.0,36.9,normal
27.0,36.2,normal
27.0,36.8,normal
27.0,34.1,normal
27.0,41.0,normal
26.9,38.2,normal
26.9,40.2,normal
26.9,37.9,normal
26.9,35.5,normal
26.9,33.7,normal
26.9,40.0,normal
26.9,38.2,normal
26.9,33.2,normal
26.9,36.8,normal
26.9,39.2,normal
26.9,33.5,normal
26.9,39.0,normal
26.9,35.4,normal
26.9,33.8,normal
26.9,38.2,normal
26.9,37.8,normal
26.9,33.9,normal
26.9,36.1,normal
26.9,35.2,normal
26.9,40.8,normal
26.9,34.8,normal
26.9,38.0,normal
26.9,33.2,normal
26.9,36.4,normal
26.9,40.0,normal
26.9,39.7,normal
26.9,33.4,normal
26.9,38.9,normal
26.8,32.3,normal
26.8,37.4,normal
26.8,33.8,normal
26.8,40.9,normal
26.8,39.0,normal
26.8,32.9,normal
26.8,37.2,normal
26.8,39.3,normal
26.8,38.9,normal
26.8,40.1,normal
26.8,33.2,normal
26.8,35.2,normal
26.8,36.2,normal
26.8,37.1,normal
26.8,40.4,normal
26.8,34.1,normal
26.8,32.3,normal
26.8,37.8,normal
26.8,40.0,normal
26.8,34.2,normal
26.8,32.2,normal
26.8,39.4,normal
26.8,36.4,normal
26.8,32.2,normal
26.8,33.5,normal
26.8,35.7,normal
26.8,39.0,normal
26.8,35.4,normal
26.8,38.3,normal
26.8,36.8,normal
26.8,37.8,normal
26.8,38.0,normal
26.7,36.9,normal
26.7,33.7,normal
26.7,40.8,normal
26.7,36.7,normal
26.7,33.2,normal
26.7,40.6,normal
26.7,40.9,normal
26.7,37.2,normal
26.7,37.9,normal
26.7,40.1,normal
26.7,34.2,normal
26.7,33.3,normal
26.7,35.6,normal
26.7,39.9,normal
26.7,33.9,normal
26.7,34.5,normal
26.7,36.1,normal
26.7,36.5,normal
26.7,38.5,normal
26.7,40.0,normal
26.7,33.6,normal
26.7,40.7,normal
26.7,39.7,normal
26.7,32.3,normal
26.7,35.5,normal
26.7,32.3,normal
26.7,40.3,normal
26.7,37.8,normal
26.6,37.5,normal
26.6,33.5,normal
26.6,37.5,normal
26.6,35.1,normal
26.6,33.9,normal
26.6,37.5,normal
26.6,36.6,normal
26.6,32.3,normal
26.6,33.1,normal
26.6,38.2,normal
26.6,37.9,normal
26.6,40.8,normal
26.6,38.3,normal
26.6,36.5,normal
26.6,34.7,normal
26.6,39.7,normal
26.6,40.3,normal
26.6,33.9,normal
26.6,37.1,normal
26.6,34.0,normal
26.6,32.5,normal
26.6,34.1,normal
26.6,39.2,normal
26.6,40.2,normal
26.5,40.2,normal
26.5,38.3,normal
26.5,35.1,normal
26.5,32.7,normal
26.5,39.4,normal
26.5,36.8,normal
26.5,35.2,normal
26.5,34.9,normal
26.5,33.2,normal
26.5,36.5,normal
26.5,40.2,normal
26.5,40.5,normal
26.5,38.2,normal
26.5,33.4,normal
26.5,34.1,normal
26.5,34.9,normal
26.5,34.4,normal
26.5,39.2,normal
26.5,39.8,normal
26.5,35.3,normal
26.5,34.0,normal
26.5,38.4,normal
26.5,36.4,normal
26.5,36.3,normal
26.5,33.9,normal
26.5,33.9,normal
26.5,37.2,normal
26.5,39.3,normal
26.5,38.4,normal
26.5,39.6,normal
26.5,34.5,normal
26.5,37.7,normal
26.4,40.5,normal
26.4,40.6,normal
26.4,37.0,normal
26.4,33.9,normal
26.4,38.4,normal
26.4,35.0,normal
26.4,36.5,normal
26.4,36.6,normal
26.4,37.3,normal
26.4,40.0,normal
26.4,39.9,normal
Temp,38.6,normal
24.0,33.0,normal
24.0,33.5,normal
24.0,36.6,normal
24.0,37.5,normal
24.0,37.8,normal
24.0,38.3,normal
24.0,38.3,normal
24.0,32.0,normal
24.0,40.2,normal
24.0,40.1,normal
24.0,40.9,normal
24.0,38.2,normal
24.0,37.1,normal
24.0,37.8,normal
24.0,39.0,normal
24.0,32.6,normal
24.0,32.8,normal
24.0,37.2,normal
24.0,38.7,normal
24.0,35.8,normal
24.0,39.3,normal
24.0,39.1,normal
24.0,39.6,normal
24.0,39.6,normal
24.0,34.9,normal
24.0,37.4,normal
24.0,40.9,normal
24.0,32.3,normal
24.0,32.2,normal
24.0,34.6,normal
24.0,40.0,normal
24.0,35.9,normal
24.0,32.3,normal
24.0,37.0,normal
24.0,40.1,normal
24.0,38.2,normal
24.0,39.1,normal
24.0,37.1,normal
24.0,37.2,normal
24.0,35.2,normal
24.0,37.9,normal
24.0,37.4,normal
24.0,35.2,normal
24.0,34.3,normal
24.0,36.6,normal
24.0,33.6,normal
24.0,38.5,normal
24.0,35.9,normal
24.0,36.2,normal
24.0,36.1,normal
24.0,34.2,normal
24.0,35.5,normal
24.0,32.5,normal
24.0,34.8,normal
24.0,35.9,normal
24.0,38.1,normal
24.0,32.7,normal
24.0,38.4,normal
24.0,35.0,normal
24.0,41.0,normal
24.0,35.6,normal
24.0,36.9,normal
24.0,40.9,normal
24.0,35.7,normal
24.0,39.4,normal
24.0,37.4,normal
24.0,40.6,normal
24.0,37.3,normal
24.0,35.2,normal
24.0,33.2,normal
24.0,39.3,normal
24.0,39.4,normal
24.0,38.5,normal
24.0,35.8,normal
24.0,38.8,normal
24.0,36.0,normal
24.0,36.3,normal
24.0,36.3,normal
24.0,38.5,normal
24.0,32.4,normal
24.0,37.3,normal
24.0,35.0,normal
24.0,33.0,normal
24.0,39.4,normal
24.0,33.0,normal
24.0,32.1,normal
24.0,41.0,normal
24.0,38.7,normal
24.0,33.4,normal
24.0,38.0,normal
24.0,34.5,normal
24.0,34.0,normal
24.0,40.6,normal
24.0,37.9,normal
24.0,37.2,normal
24.0,32.0,normal
24.0,33.0,normal
24.0,39.3,normal
24.0,32.8,normal
24.0,39.6,normal
24.0,37.1,normal
24.0,38.3,normal
24.0,37.7,normal
24.0,32.7,normal
24.0,37.7,normal
24.0,36.1,normal
24.0,35.6,normal
24.0,34.6,normal
24.0,35.3,normal
24.0,37.2,normal
24.0,36.7,normal
24.0,34.7,normal
24.0,39.7,normal
24.0,35.2,normal
24.0,40.3,normal
24.0,37.2,normal
24.0,40.6,normal
24.0,32.3,normal
24.0,34.9,normal
24.0,39.6,normal
24.0,36.7,normal
24.0,40.6,normal
24.0,38.1,normal
24.0,32.0,normal
24.0,38.8,normal
24.0,32.6,normal
24.0,34.9,normal
24.0,32.1,normal
24.0,34.4,normal
24.0,34.6,normal
24.0,35.3,normal
24.0,38.1,normal
24.0,34.3,normal
24.0,33.6,normal
24.0,40.9,normal
24.0,40.6,normal
24.0,33.8,normal
24.0,37.8,normal
24.0,37.6,normal
24.0,39.5,normal
24.0,39.9,normal
24.0,39.7,normal
24.0,39.1,normal
24.0,40.1,normal
24.0,32.7,normal
24.0,37.5,normal
24.0,34.8,normal
24.0,37.4,normal
24.0,38.5,normal
24.0,37.6,normal
24.0,32.7,normal
24.0,34.7,normal
24.0,36.3,normal
24.0,37.6,normal
24.0,38.9,normal
24.0,38.4,normal
24.0,38.1,normal
24.0,39.1,normal
24.0,32.5,normal
24.0,32.2,normal
24.0,32.7,normal
24.0,33.1,normal
24.0,32.6,normal
24.0,34.1,normal
24.0,36.7,normal
24.0,39.7,normal
23.9,37.6,normal
23.9,38.8,normal
23.9,38.7,normal
23.9,39.6,normal
23.9,39.1,normal
23.9,38.6,normal
23.9,39.9,normal
23.9,33.0,normal
23.9,39.7,normal
23.9,33.7,normal
23.9,36.6,normal
23.9,39.5,normal
23.9,35.9,normal
23.9,36.8,normal
23.9,39.8,normal
23.9,35.3,normal
23.9,32.2,normal
23.9,34.7,normal
23.9,37.9,normal
23.9,35.6,normal
23.9,39.0,normal
23.9,34.9,normal
23.9,38.3,normal
23.9,38.4,normal
23.9,33.1,normal
23.9,39.2,normal
23.9,36.9,normal
23.9,33.1,normal
23.9,35.4,normal
23.9,38.9,normal
23.9,35.8,normal
23.9,35.8,normal
23.9,40.7,normal
23.9,33.0,normal
23.9,39.4,normal
23.9,35.0,normal
23.9,34.4,normal
23.9,36.1,normal
23.9,32.9,normal
23.9,36.8,normal
23.9,35.4,normal
23.9,33.7,normal
23.9,36.6,normal
23.9,32.3,normal
23.9,39.4,normal
23.9,33.9,normal
23.9,33.6,normal
23.9,32.1,normal
23.9,33.5,normal
23.9,36.4,normal
23.9,33.4,normal
23.9,36.2,normal
23.9,37.6,normal
23.9,35.4,normal
23.9,32.7,normal
23.9,34.2,normal
23.9,34.7,normal
23.9,32.2,normal
23.9,35.1,normal
23.9,38.5,normal
23.9,39.4,normal
23.9,36.9,normal
23.9,36.9,normal
23.9,33.3,normal
23.9,40.0,normal
23.9,32.0,normal
23.9,40.4,normal
23.9,41.0,normal
23.9,36.2,normal
23.9,39.6,normal
23.9,38.5,normal
23.9,36.4,normal
23.9,36.8,normal
23.9,40.3,normal
23.9,37.0,normal
23.9,32.0,normal
23.9,32.3,normal
23.9,37.6,normal
23.9,37.9,normal
23.9,32.5,normal
23.9,36.9,normal
23.9,34.2,normal
23.9,35.1,normal
23.9,34.3,normal
23.9,34.4,normal
23.9,33.5,normal
23.9,36.1,normal
23.9,35.2,normal
23.9,36.8,normal
23.9,37.8,normal
23.9,38.1,normal
23.9,33.4,normal
23.9,34.5,normal
23.9,40.3,normal
23.9,35.1,normal
23.9,35.9,normal
23.9,32.1,normal
23.9,32.9,normal
23.9,36.6,normal
23.9,39.5,normal
23.9,35.4,normal
23.9,40.9,normal
23.9,37.5,normal
23.9,36.9,normal
23.9,39.6,normal
23.9,33.7,normal
23.9,34.8,normal
23.9,35.2,normal
23.9,33.3,normal
23.9,36.8,normal
23.9,32.0,normal
23.9,39.8,normal
23.9,38.0,normal
23.9,35.0,normal
23.9,35.5,normal
23.9,33.6,normal
23.9,37.7,normal
23.9,39.1,normal
23.9,32.4,normal
23.9,36.4,normal
23.9,38.4,normal
23.9,37.6,normal
23.9,38.4,normal
23.9,33.1,normal
23.9,33.3,normal
23.9,40.3,normal
23.9,39.7,normal
23.9,37.9,normal
23.9,36.5,normal
23.9,34.7,normal
23.9,37.3,normal
23.9,40.0,normal
23.9,39.0,normal
23.9,33.7,normal
23.9,39.0,normal
23.9,40.0,normal
23.9,35.2,normal
23.9,37.4,normal
23.9,33.4,normal
23.9,40.4,normal
23.9,35.0,normal
23.9,32.1,normal
23.9,33.4,normal
23.9,33.8,normal
23.9,32.3,normal
23.9,33.7,normal
23.9,36.3,normal
23.9,35.9,normal
23.9,38.7,normal
23.9,39.5,normal
23.9,38.5,normal
23.9,36.4,normal
23.9,39.6,normal
23.9,37.4,normal
23.9,32.7,normal
23.9,36.3,normal
23.9,36.0,normal
23.9,36.4,normal
23.9,32.7,normal
23.9,33.1,normal
23.9,37.4,normal
23.9,34.5,normal
23.9,36.3,normal
23.9,40.5,normal
23.9,36.7,normal
23.9,40.1,normal
23.9,38.3,normal
23.9,34.2,normal
23.9,36.1,normal
23.9,34.1,normal
23.9,35.8,normal
23.9,32.4,normal
23.9,38.6,normal
23.9,40.0,normal
23.9,40.4,normal
23.9,40.5,normal
23.9,35.0,normal
23.9,33.8,normal
23.9,37.5,normal
23.9,32.1,normal
23.9,34.5,normal
23.9,32.6,normal
23.9,36.0,normal
23.9,36.1,normal
23.9,38.5,normal
23.9,38.2,normal
23.9,35.8,normal
23.9,38.2,normal
23.9,39.3,normal
23.9,40.6,normal
23.9,37.6,normal
23.9,34.9,normal
23.9,35.3,normal
23.9,38.0,normal
23.9,39.1,normal
23.9,36.7,normal
23.9,38.0,normal
23.9,36.2,normal
23.9,34.9,normal
23.9,40.1,normal
23.9,37.2,normal
23.9,37.2,normal
23.9,39.3,normal
23.9,37.8,normal
23.9,40.6,normal
23.9,32.9,normal
23.9,40.0,normal
23.9,33.9,normal
23.9,33.9,normal
23.9,35.5,normal
23.9,32.0,normal
23.9,35.3,normal
23.9,35.0,normal
23.9,33.6,normal
23.9,40.5,normal
23.9,41.0,normal
23.9,36.4,normal
23.9,40.1,normal
23.9,39.8,normal
23.9,41.0,normal
23.9,35.0,normal
23.9,34.6,normal
23.9,32.3,normal
23.9,33.8,normal
23.9,38.0,normal
23.9,34.1,normal
23.9,35.0,normal
23.9,37.0,normal
23.9,32.0,normal
23.9,37.6,normal
23.9,40.0,normal
23.9,33.3,normal
23.9,40.3,normal
23.9,37.4,normal
23.9,33.1,normal
23.9,39.7,normal
23.9,36.7,normal
23.9,36.0,normal
23.9,32.5,normal
23.9,37.7,normal
23.9,33.6,normal
23.9,36.0,normal
23.9,37.7,normal
23.9,35.9,normal
23.9,34.8,normal
23.9,36.9,normal
23.9,37.5,normal
23.9,38.9,normal
23.9,37.3,normal
23.9,39.1,normal
23.9,37.7,normal
23.9,35.3,normal
23.9,34.1,normal
23.9,33.4,normal
23.9,32.2,normal
23.9,32.1,normal
23.9,33.6,normal
23.9,36.0,normal
23.9,33.9,normal
23.9,33.0,normal
23.9,38.4,normal
23.9,39.2,normal
23.9,34.9,normal
23.9,40.0,normal
23.9,39.8,normal
23.9,40.2,normal
23.9,32.0,normal
23.9,39.7,normal
23.9,33.5,normal
23.9,40.0,normal
23.9,32.1,normal
23.9,33.0,normal
23.9,32.7,normal
23.9,33.4,normal
23.9,32.5,normal
23.9,33.0,normal
23.9,33.2,normal
23.9,37.1,normal
23.9,35.4,normal
23.9,40.2,normal
23.9,35.1,normal
23.9,36.3,normal
23.9,35.7,normal
23.9,40.0,normal
23.9,34.9,normal
23.9,38.3,normal
23.9,37.3,normal
23.9,37.6,normal
23.9,37.0,normal
23.9,33.3,normal
23.9,40.8,normal
23.9,38.9,normal
23.9,33.9,normal
23.9,32.4,normal
23.9,40.8,normal
23.9,34.0,normal
23.9,36.2,normal
23.9,33.1,normal
23.9,33.3,normal
23.9,36.1,normal
23.9,36.7,normal
23.9,38.0,normal
23.9,36.0,normal
23.9,39.0,normal
23.9,36.1,normal
23.9,33.0,normal
23.9,40.0,normal
23.9,33.9,normal
23.9,40.3,normal
23.9,35.8,normal
23.9,39.2,normal
23.9,34.5,normal
23.9,33.5,normal
23.9,36.4,normal
23.9,33.3,normal
23.9,39.7,normal
23.9,38.4,normal
23.9,33.6,normal
23.9,40.8,normal
23.9,37.0,normal
23.9,39.4,normal
23.9,32.5,normal
23.9,37.3,normal
23.9,34.2,normal
23.9,38.3,normal
23.9,35.4,normal
23.9,40.5,normal
23.9,35.7,normal
23.9,32.7,normal
23.9,37.2,normal
23.9,38.5,normal
23.9,39.9,normal
23.9,32.6,normal
23.9,35.5,normal
23.9,40.4,normal
23.9,32.0,normal
23.9,38.6,normal
23.9,38.2,normal
23.9,40.7,normal
23.9,33.2,normal
23.9,34.9,normal
23.9,36.0,normal
23.9,35.2,normal
23.9,36.4,normal
23.9,32.8,normal
23.9,36.8,normal
23.9,32.2,normal
23.9,33.5,normal
23.9,36.5,normal
23.9,32.5,normal
23.9,38.1,normal
23.9,36.6,normal
23.8,32.3,normal
23.8,34.7,normal
23.8,36.8,normal
23.8,36.8,normal
23.8,38.2,normal
23.8,39.3,normal
23.8,37.1,normal
23.8,38.1,normal
23.8,41.0,normal
23.8,35.9,normal
23.8,37.5,normal
23.8,32.8,normal
23.8,34.9,normal
23.8,40.7,normal
23.8,39.5,normal
23.8,38.4,normal
23.8,36.3,normal
23.8,33.7,normal
23.8,35.7,normal
23.8,38.4,normal
23.8,35.8,normal
23.8,39.0,normal
23.8,33.9,normal
23.8,38.1,normal
23.8,37.4,normal
23.8,39.9,normal
23.8,37.8,normal
23.8,32.4,normal
23.8,36.0,normal
23.8,40.0,normal
23.8,37.6,normal
23.8,34.2,normal
23.8,37.6,normal
23.8,38.4,normal
23.8,37.7,normal
23.8,39.1,normal
23.8,33.6,normal
23.8,34.1,normal
23.8,39.6,normal
23.8,36.9,normal
23.8,39.6,normal
23.8,40.8,normal
23.8,40.4,normal
23.8,37.9,normal
23.8,40.9,normal
23.8,33.5,normal
23.8,33.1,normal
23.8,37.2,normal
23.8,32.4,normal
23.8,37.9,normal
23.8,34.6,normal
23.8,37.4,normal
23.8,32.4,normal
23.8,41.0,normal
23.8,34.6,normal
23.8,40.2,normal
23.8,36.2,normal
23.8,36.0,normal
23.8,36.4,normal
23.8,38.0,normal
23.8,38.9,normal
23.8,39.1,normal
23.8,32.3,normal
23.8,34.0,normal
23.8,37.3,normal
23.8,38.1,normal
23.8,37.7,normal
23.8,35.2,normal
23.8,38.3,normal
23.8,36.1,normal
23.8,39.1,normal
23.8,35.9,normal
23.8,38.4,normal
23.8,37.5,normal
23.8,36.2,normal
23.8,40.1,normal
23.8,34.3,normal
23.8,36.0,normal
23.8,37.8,normal
23.8,36.1,normal
23.8,34.5,normal
23.8,33.9,normal
23.8,39.2,normal
23.8,39.4,normal
23.8,41.0,normal
23.8,37.1,normal
23.8,38.7,normal
23.8,40.5,normal
23.8,34.9,normal
23.8,40.3,normal
23.8,32.9,normal
23.8,35.1,normal
23.8,37.1,normal
23.8,32.5,normal
23.8,40.4,normal
23.8,34.0,normal
23.8,36.3,normal
23.8,32.4,normal
23.8,35.7,normal
23.8,33.8,normal
23.8,35.2,normal
23.8,33.3,normal
23.8,39.6,normal
23.8,33.1,normal
23.8,36.6,normal
23.8,34.2,normal
23.8,36.5,normal
23.8,34.7,normal
23.8,35.5,normal
23.8,38.0,normal
23.8,35.9,normal
23.8,36.1,normal
23.8,39.6,normal
23.8,32.8,normal
23.8,38.2,normal
23.8,35.2,normal
23.8,36.3,normal
23.8,35.5,normal
23.8,35.3,normal
23.8,37.7,normal
23.8,37.4,normal
23.8,37.2,normal
23.8,33.1,normal
23.8,33.4,normal
23.8,35.4,normal
23.8,35.5,normal
23.8,35.5,normal
23.8,32.7,normal
23.8,36.5,normal
23.8,33.8,normal
23.8,34.5,normal
23.8,37.9,normal
23.8,38.1,normal
23.8,35.7,normal
23.8,35.9,normal
23.8,33.1,normal
23.8,36.8,normal
23.8,38.5,normal
23.8,36.8,normal
23.8,39.3,normal
23.8,37.8,normal
23.8,35.5,normal
23.8,37.8,normal
23.8,38.6,normal
23.8,39.6,normal
23.8,33.6,normal
23.8,40.2,normal
23.8,34.0,normal
23.8,34.3,normal
23.8,38.9,normal
23.8,40.4,normal
23.8,38.5,normal
23.8,37.8,normal
23.8,34.6,normal
23.8,38.0,normal
23.8,32.8,normal
23.8,34.6,normal
23.8,38.9,normal
23.8,34.6,normal
23.8,40.9,normal
23.8,35.1,normal
23.8,32.1,normal
23.8,34.1,normal
23.8,35.7,normal
23.8,33.7,normal
23.8,33.7,normal
23.8,40.6,normal
23.8,40.3,normal
23.8,34.3,normal
23.8,37.2,normal
23.8,40.1,normal
23.8,39.4,normal
23.8,38.7,normal
23.8,38.4,normal
23.8,34.2,normal
23.8,35.4,normal
23.8,36.8,normal
23.8,37.9,normal
23.8,33.3,normal
23.8,33.0,normal
23.8,38.1,normal
23.8,39.3,normal
23.8,33.8,normal
23.8,32.5,normal
23.8,41.0,normal
23.8,39.6,normal
23.8,34.7,normal
23.8,40.6,normal
23.8,32.8,normal
23.8,36.2,normal
23.8,39.4,normal
23.8,32.6,normal
23.8,39.2,normal
23.8,38.8,normal
23.8,32.4,normal
23.8,34.0,normal
23.8,34.4,normal
23.8,33.4,normal
23.8,36.4,normal
23.8,37.7,normal
23.8,38.9,normal
23.8,37.1,normal
23.8,39.6,normal
23.8,34.9,normal
23.8,35.8,normal
23.8,37.1,normal
23.8,33.8,normal
23.8,37.7,normal
23.8,33.3,normal
23.8,40.4,normal
23.8,33.8,normal
23.8,34.4,normal
23.8,35.6,normal
23.8,33.4,normal
23.8,33.5,normal
23.8,35.1,normal
23.8,32.8,normal
23.8,34.4,normal
23.8,35.3,normal
23.8,32.8,normal
23.8,39.6,normal
23.8,39.2,normal
23.8,37.4,normal
23.8,35.0,normal
23.8,36.2,normal
23.8,33.5,normal
23.8,35.0,normal
23.8,34.5,normal
23.8,37.9,normal
23.8,40.2,normal
23.8,32.7,normal
23.8,32.6,normal
23.8,40.5,normal
23.8,37.7,normal
23.8,40.3,normal
23.8,35.8,normal
23.8,32.2,normal
23.8,32.4,normal
23.8,38.6,normal
23.8,40.3,normal
23.8,32.4,normal
23.8,35.9,normal
23.8,39.1,normal
23.8,37.3,normal
23.8,36.6,normal
23.8,38.1,normal
23.8,32.9,normal
23.8,32.2,normal
23.8,36.8,normal
23.8,37.1,normal
23.8,33.1,normal
23.8,34.0,normal
23.8,39.2,normal
23.8,35.7,normal
23.8,37.5,normal
23.8,36.5,normal
23.8,37.4,normal
23.8,39.4,normal
23.8,36.5,normal
23.8,38.0,normal
23.8,32.1,normal
23.8,37.1,normal
23.8,38.3,normal
23.8,33.5,normal
23.8,40.6,normal
23.8,32.7,normal
23.8,32.7,normal
23.8,32.2,normal
23.8,40.8,normal
23.8,33.0,normal
23.8,39.7,normal
23.8,32.4,normal
23.8,37.3,normal
23.8,40.4,normal
23.8,38.4,normal
23.8,40.0,normal
23.8,36.7,normal
23.8,37.3,normal
23.8,37.0,normal
23.8,32.0,normal
23.8,35.3,normal
23.8,36.5,normal
23.8,39.7,normal
23.8,36.3,normal
23.8,33.8,normal
23.8,32.0,normal
23.8,34.1,normal
23.8,39.4,normal
23.8,34.0,normal
23.8,37.4,normal
23.8,33.1,normal
23.8,37.3,normal
23.8,33.2,normal
23.8,38.8,normal
23.8,39.3,normal
23.8,37.0,normal
23.8,32.8,normal
23.8,40.5,normal
23.8,35.8,normal
23.8,37.2,normal
23.8,36.4,normal
23.8,32.1,normal
23.8,38.9,normal
23.8,36.6,normal
23.8,35.8,normal
23.8,34.9,normal
23.8,35.3,normal
23.8,39.5,normal
23.8,34.3,normal
23.8,35.6,normal
23.8,39.4,normal
23.8,38.6,normal
23.8,37.3,normal
23.8,36.0,normal
23.8,38.4,normal
23.8,37.4,normal
23.8,38.2,normal
23.8,33.1,normal
23.8,35.3,normal
23.8,34.6,normal
23.8,41.0,normal
23.8,35.5,normal
23.8,40.9,normal
23.8,38.9,normal
23.8,33.7,normal
23.8,38.7,normal
23.8,33.1,normal
23.8,39.6,normal
23.8,32.8,normal
23.8,37.5,normal
23.8,39.1,normal
23.8,32.5,normal
23.8,33.2,normal
23.8,35.5,normal
23.8,37.0,normal
23.8,40.9,normal
23.8,35.0,normal
23.8,36.9,normal
23.8,39.3,normal
23.8,38.5,normal
23.8,36.1,normal
23.8,35.2,normal
23.8,38.5,normal
23.8,37.1,normal
23.8,35.2,normal
23.8,34.9,normal
23.8,34.0,normal
23.8,37.5,normal
23.8,37.1,normal
23.8,35.1,normal
23.8,34.7,normal
23.8,33.1,normal
23.8,37.4,normal
23.8,32.8,normal
23.8,34.8,normal
23.8,38.4,normal
23.8,40.0,normal
23.8,41.0,normal
23.8,38.8,normal
23.8,40.8,normal
23.8,34.0,normal
23.8,33.5,normal
23.8,34.8,normal
23.8,35.9,normal
23.8,40.0,normal
23.8,35.1,normal
23.8,32.9,normal
23.8,37.1,normal
23.8,35.3,normal
23.8,36.9,normal
23.8,40.0,normal
23.8,35.3,normal
23.8,32.7,normal
23.8,39.7,normal
23.8,36.0,normal
23.8,32.6,normal
23.8,37.0,normal
23.8,37.7,normal
23.8,36.4,normal
23.8,37.9,normal
23.8,33.1,normal
23.8,33.3,normal
23.8,35.8,normal
23.8,37.6,normal
23.8,38.3,normal
23.8,32.9,normal
23.8,39.5,normal
23.8,39.7,normal
23.8,32.7,normal
23.8,35.7,normal
23.8,40.7,normal
23.8,40.7,normal
23.8,40.7,normal
23.8,32.8,normal
23.8,38.6,normal
23.8,37.8,normal
23.8,38.2,normal
23.8,35.7,normal
23.8,36.8,normal
23.8,40.2,normal
23.8,33.4,normal
23.8,33.4,normal
23.8,38.1,normal
23.8,34.5,normal
23.8,33.0,normal
23.8,33.6,normal
23.8,40.6,normal
23.8,37.6,normal
23.8,33.5,normal
23.8,34.1,normal
23.8,36.9,normal
23.8,38.8,normal
23.8,40.4,normal
23.8,39.5,normal
23.8,33.9,normal
23.8,39.7,normal
23.8,41.0,normal
23.8,37.3,normal
23.8,39.1,normal
23.8,39.6,normal
23.8,35.6,normal
23.8,32.8,normal
23.8,38.5,normal
23.8,35.3,normal
23.8,32.0,normal
23.8,32.6,normal
23.8,38.9,normal
23.8,35.7,normal
23.8,36.6,normal
23.8,34.3,normal
23.8,36.0,normal
23.8,39.6,normal
23.8,40.8,normal
23.8,37.7,normal
23.8,39.4,normal
23.8,34.2,normal
23.8,38.7,normal
23.8,40.6,normal
23.8,32.4,normal
23.8,35.6,normal
23.8,40.1,normal
23.8,39.8,normal
23.8,40.0,normal
23.8,37.3,normal
23.8,38.8,normal
23.8,40.5,normal
23.8,32.2,normal
23.8,36.8,normal
23.8,39.6,normal
23.8,39.9,normal
23.8,35.3,normal
23.8,40.5,normal
23.8,35.6,normal
23.8,32.3,normal
23.8,36.2,normal
23.8,34.4,normal
23.8,33.7,normal
23.8,37.9,normal
23.8,34.0,normal
23.8,36.5,normal
23.8,38.9,normal
23.8,40.5,normal
23.8,35.5,normal
23.8,34.5,normal
23.8,38.5,normal
23.8,36.7,normal
23.8,37.9,normal
23.8,32.8,normal
23.8,32.7,normal
23.8,34.3,normal
23.8,34.5,normal
23.8,34.3,normal
23.8,32.1,normal
23.8,33.7,normal
23.8,32.6,normal
23.8,38.1,normal
23.8,39.3,normal
23.8,40.2,normal
23.8,37.0,normal
23.8,36.4,normal
23.8,36.4,normal
23.8,33.0,normal
23.8,33.8,normal
23.8,33.6,normal
23.8,39.8,normal
23.8,35.5,normal
23.8,33.7,normal
23.8,34.3,normal
23.8,40.9,normal
23.8,38.4,normal
23.8,33.1,normal
23.8,38.9,normal
23.8,40.3,normal
23.8,39.4,normal
23.8,33.5,normal
23.8,36.4,normal
23.8,35.2,normal
23.8,40.3,normal
23.8,33.8,normal
23.8,36.9,normal
23.8,33.9,normal
23.8,35.7,normal
23.8,39.2,normal
23.8,34.3,normal
23.8,40.9,normal
23.8,36.0,normal
23.8,38.3,normal
23.8,37.0,normal
23.8,33.2,normal
23.8,33.6,normal
23.8,37.3,normal
23.8,36.5,normal
23.8,33.0,normal
23.8,39.6,normal
23.8,36.8,normal
23.8,37.3,normal
23.8,39.8,normal
23.8,34.4,normal
23.8,33.1,normal
23.8,33.0,normal
23.8,41.0,normal
23.8,38.5,normal
23.8,37.2,normal
23.8,34.0,normal
23.8,35.1,normal
23.8,36.2,normal
23.8,35.8,normal
23.8,39.3,normal
23.8,38.1,normal
23.8,40.0,normal
23.8,35.4,normal
23.8,34.3,normal
23.8,40.3,normal
23.8,38.0,normal
23.8,33.5,normal
23.8,33.0,normal
23.7,37.2,normal
23.7,37.3,normal
23.7,39.0,normal
23.7,39.2,normal
23.8,32.6,normal
23.8,32.9,normal
23.8,32.8,normal
23.8,32.6,normal
23.7,32.7,normal
23.7,35.9,normal
23.7,35.7,normal
23.7,32.5,normal
23.8,38.6,normal
23.8,33.9,normal
23.8,40.5,normal
23.8,39.5,normal
23.7,33.6,normal
23.7,34.9,normal
23.7,37.9,normal
23.7,38.4,normal
23.7,38.3,normal
23.7,36.7,normal
23.7,38.3,normal
23.7,36.7,normal
23.8,40.9,normal
23.8,36.8,normal
23.8,38.9,normal
23.8,39.8,normal
23.7,38.1,normal
23.7,33.9,normal
23.7,32.8,normal
23.7,39.9,normal
23.7,32.4,normal
23.7,38.3,normal
23.7,36.2,normal
23.7,33.7,normal
23.7,32.8,normal
23.7,38.2,normal
23.7,37.7,normal
23.7,38.1,normal
23.7,36.6,normal
23.7,37.8,normal
23.7,33.9,normal
23.7,36.7,normal
23.8,33.6,normal
23.8,36.4,normal
23.8,35.4,normal
23.8,33.7,normal
23.7,36.7,normal
23.7,39.2,normal
23.7,34.3,normal
23.7,35.9,normal
23.7,32.7,normal
23.7,37.0,normal
23.7,32.3,normal
23.7,37.9,normal
23.7,40.2,normal
23.7,40.8,normal
23.7,40.8,normal
23.7,38.9,normal
23.7,39.1,normal
23.7,40.4,normal
23.7,38.9,normal
23.7,36.7,normal
23.7,33.5,normal
23.7,34.6,normal
23.7,35.2,normal
23.7,38.1,normal
23.7,36.2,normal
23.7,34.5,normal
23.7,35.8,normal
23.7,33.5,normal
23.7,33.7,normal
23.7,37.4,normal
23.7,38.4,normal
23.7,33.9,normal
23.7,39.5,normal
23.7,33.9,normal
23.7,35.6,normal
23.7,35.4,normal
23.7,37.1,normal
23.7,38.6,normal
23.7,34.2,normal
23.7,36.9,normal
23.7,35.5,normal
23.7,33.5,normal
23.7,38.1,normal
23.7,39.9,normal
23.7,34.0,normal
23.7,35.5,normal
23.7,40.0,normal
23.7,37.4,normal
23.7,32.6,normal
23.7,33.2,normal
23.7,32.6,normal
23.7,35.8,normal
23.7,32.9,normal
23.7,39.9,normal
23.7,34.5,normal
23.7,40.2,normal
23.7,33.2,normal
23.7,34.5,normal
23.7,38.3,normal
23.7,40.1,normal
23.7,39.1,normal
23.7,34.4,normal
23.7,35.3,normal
23.7,37.1,normal
23.7,37.3,normal
23.7,39.4,normal
23.7,35.5,normal
23.7,37.1,normal
23.7,34.5,normal
23.7,32.6,normal
23.7,35.7,normal
23.7,35.5,normal
23.7,40.5,normal
23.7,38.3,normal
23.7,39.8,normal
23.7,40.4,normal
23.7,40.6,normal
23.7,33.6,normal
23.7,34.8,normal
23.7,35.5,normal
23.7,32.2,normal
23.7,33.0,normal
23.7,35.0,normal
23.7,40.6,normal
23.7,37.4,normal
23.7,32.6,normal
23.7,33.2,normal
23.7,35.7,normal
23.7,36.0,normal
23.7,34.1,normal
23.7,35.2,normal
23.7,36.4,normal
23.7,38.3,normal
23.7,35.7,normal
23.7,33.5,normal
23.7,34.5,normal
23.7,35.0,normal
23.7,36.3,normal
23.7,32.3,normal
23.7,34.4,normal
23.7,35.3,normal
23.7,40.9,normal
23.7,40.9,normal
23.7,35.9,normal
23.7,39.8,normal
23.7,33.2,normal
23.7,40.3,normal
23.7,39.9,normal
23.7,32.4,normal
23.7,36.5,normal
23.7,35.2,normal
23.7,33.8,normal
23.7,39.8,normal
23.7,34.2,normal
23.7,38.2,normal
23.7,36.8,normal
23.7,34.9,normal
23.7,38.4,normal
23.7,34.5,normal
23.7,37.6,normal
23.7,40.0,normal
23.7,36.3,normal
23.7,36.2,normal
23.7,35.7,normal
23.7,36.4,normal
23.7,38.0,normal
23.7,40.6,normal
23.7,39.5,normal
23.7,34.3,normal
23.7,37.5,normal
23.7,36.9,normal
23.7,36.7,normal
23.7,40.0,normal
23.7,35.9,normal
23.7,40.7,normal
23.7,35.2,normal
23.7,40.6,normal
23.7,34.0,normal
23.7,40.6,normal
23.7,38.9,normal
23.7,40.4,normal
23.7,37.5,normal
23.7,39.5,normal
23.7,40.4,normal
23.7,36.9,normal
23.7,33.2,normal
23.7,39.0,normal
23.7,33.0,normal
23.7,40.5,normal
23.7,39.9,normal
23.7,40.6,normal
23.7,35.0,normal
23.7,39.9,normal
23.7,33.8,normal
23.7,34.6,normal
23.7,38.4,normal
23.7,37.3,normal
23.7,39.7,normal
23.7,34.0,normal
23.7,38.0,normal
23.7,33.1,normal
23.7,32.1,normal
23.7,36.7,normal
23.7,40.6,normal
23.7,37.9,normal
23.7,37.3,normal
23.7,35.6,normal
23.7,32.5,normal
23.7,33.2,normal
23.7,39.3,normal
23.7,32.1,normal
23.7,32.9,normal
23.7,37.1,normal
23.7,33.6,normal
23.7,35.8,normal
23.7,34.4,normal
23.7,36.8,normal
23.7,39.8,normal
23.7,38.9,normal
23.7,40.8,normal
23.7,39.2,normal
23.7,33.5,normal
23.7,33.4,normal
23.7,38.1,normal
23.7,32.1,normal
23.7,35.4,normal
23.7,35.2,normal
23.7,32.5,normal
23.7,32.0,normal
23.7,32.2,normal
23.7,35.9,normal
23.7,33.3,normal
23.7,35.2,normal
23.7,38.1,normal
23.7,36.8,normal
23.7,37.8,normal
23.7,37.9,normal
23.7,37.7,normal
23.7,34.7,normal
23.7,40.1,normal
23.7,38.6,normal
23.7,40.4,normal
23.7,35.3,normal
23.7,32.8,normal
23.7,35.6,normal
23.7,36.1,normal
23.7,33.9,normal
23.7,40.8,normal
23.7,32.6,normal
23.7,38.5,normal
23.7,36.9,normal
23.7,37.3,normal
23.7,36.6,normal
23.7,36.5,normal
23.7,37.7,normal
23.7,35.9,normal
23.7,37.3,normal
23.7,33.0,normal
23.7,32.7,normal
23.7,37.9,normal
23.7,32.0,normal
23.7,38.3,normal
23.7,38.5,normal
23.7,32.5,normal
23.7,38.8,normal
23.7,35.9,normal
23.7,32.6,normal
23.7,40.2,normal
23.7,39.1,normal
23.7,33.2,normal
23.7,38.2,normal
23.7,37.3,normal
23.7,33.9,normal
23.7,32.6,normal
23.7,40.9,normal
23.7,39.5,normal
23.7,36.5,normal
23.7,35.8,normal
23.7,37.2,normal
23.7,39.6,normal
23.7,34.3,normal
23.7,40.3,normal
23.7,39.9,normal
23.7,38.9,normal
23.7,35.5,normal
23.7,35.2,normal
23.7,37.7,normal
23.7,40.5,normal
23.7,33.3,normal
23.7,34.1,normal
23.7,32.0,normal
23.7,32.2,normal
23.7,36.3,normal
23.7,41.0,normal
23.7,33.3,normal
23.7,39.2,normal
23.7,35.9,normal
23.7,35.2,normal
23.7,32.2,normal
23.7,36.5,normal
23.7,35.1,normal
23.7,35.0,normal
23.7,34.8,normal
23.7,33.5,normal
23.7,39.9,normal
23.7,39.4,normal
23.7,34.7,normal
23.7,33.7,normal
23.7,38.1,normal
23.7,36.4,normal
23.7,38.4,normal
23.7,32.1,normal
23.7,39.9,normal
23.7,39.0,normal
23.7,32.5,normal
23.7,32.5,normal
23.7,39.5,normal
23.7,35.4,normal
23.7,38.4,normal
23.7,41.0,normal
23.7,38.9,normal
23.7,33.7,normal
23.7,38.9,normal
23.7,40.5,normal
23.7,36.4,normal
23.7,37.7,normal
23.7,32.7,normal
23.7,39.6,normal
23.7,33.2,normal
23.7,40.1,normal
23.7,37.9,normal
23.7,40.3,normal
23.7,39.7,normal
23.7,36.1,normal
23.7,39.5,normal
23.7,40.5,normal
23.7,39.3,normal
23.7,33.7,normal
23.7,34.8,normal
23.7,32.6,normal
23.7,33.1,normal
23.7,40.1,normal
23.7,32.3,normal
23.7,37.2,normal
23.7,32.9,normal
23.7,32.1,normal
23.7,38.9,normal
23.7,36.4,normal
23.7,33.3,normal
23.7,40.8,normal
23.7,39.4,normal
23.7,35.1,normal
23.7,35.7,normal
23.7,39.0,normal
23.7,38.2,normal
23.7,39.3,normal
23.7,33.9,normal
23.7,37.9,normal
23.7,33.7,normal
23.7,40.8,normal
23.7,39.8,normal
23.7,36.6,normal
23.7,39.4,normal
23.7,39.9,normal
23.7,37.2,normal
23.7,37.2,normal
23.7,35.5,normal
23.7,40.1,normal
23.7,37.1,normal
23.7,40.5,normal
23.7,41.0,normal
23.7,38.8,normal
23.7,34.9,normal
23.7,34.0,normal
23.7,32.3,normal
23.7,33.1,normal
23.7,39.9,normal
23.7,34.5,normal
23.7,38.0,normal
23.7,32.0,normal
23.7,34.5,normal
23.7,39.6,normal
23.7,39.2,normal
23.7,39.2,normal
23.7,36.5,normal
23.7,39.6,normal
23.7,37.4,normal
23.7,38.8,normal
23.7,32.4,normal
23.7,39.9,normal
23.7,32.8,normal
23.7,33.0,normal
23.7,35.0,normal
23.7,33.3,normal
23.7,34.8,normal
23.7,34.6,normal
23.7,32.4,normal
23.7,39.7,normal
23.7,37.3,normal
23.7,34.3,normal
23.7,36.9,normal
23.7,38.6,normal
23.7,32.7,normal
23.7,38.0,normal
23.7,35.9,normal
23.7,37.5,normal
23.7,34.2,normal
23.7,34.6,normal
23.7,35.4,normal
23.7,32.8,normal
23.7,35.6,normal
23.7,39.1,normal
23.7,38.7,normal
23.7,38.3,normal
23.7,33.2,normal
23.7,33.4,normal
23.7,40.0,normal
23.7,35.6,normal
23.7,32.6,normal
23.7,38.1,normal
23.7,32.3,normal
23.7,40.9,normal
23.7,35.9,normal
23.7,37.2,normal
23.7,34.7,normal
23.7,39.7,normal
23.7,34.4,normal
23.7,40.0,normal
23.7,32.8,normal
23.7,40.1,normal
23.7,32.7,normal
23.7,35.1,normal
23.7,35.4,normal
23.7,40.9,normal
23.7,34.9,normal
23.7,32.5,normal
23.7,36.6,normal
23.7,33.1,normal
23.7,38.0,normal
23.7,34.2,normal
23.7,40.0,normal
23.7,33.3,normal
23.7,34.7,normal
23.7,33.9,normal
23.7,34.5,normal
23.7,39.8,normal
23.7,32.2,normal
23.7,33.3,normal
23.7,39.5,normal
23.7,35.4,normal
23.7,37.3,normal
23.7,35.4,normal
23.7,33.2,normal
23.7,34.0,normal
23.7,35.1,normal
23.7,34.4,normal
23.7,35.2,normal
23.7,33.1,normal
23.7,39.7,normal
23.7,35.1,normal
23.7,39.4,normal
23.7,37.7,normal
23.7,36.7,normal
23.7,39.6,normal
23.7,40.8,normal
23.7,39.0,normal
23.7,35.2,normal
23.7,35.8,normal
23.7,35.1,normal
23.7,37.2,normal
23.7,36.6,normal
23.7,37.8,normal
23.7,38.2,normal
23.7,39.7,normal
23.7,34.5,normal
23.7,36.4,normal
23.7,32.2,normal
23.7,36.4,normal
23.7,34.0,normal
23.7,34.4,normal
23.7,40.4,normal
23.7,39.0,normal
23.7,38.4,normal
23.7,39.8,normal
23.7,40.2,normal
23.7,39.5,normal
23.7,40.0,normal
23.7,35.2,normal
23.7,36.1,normal
23.7,36.4,normal
23.7,39.0,normal
23.7,34.1,normal
23.7,37.7,normal
23.7,40.7,normal
23.7,32.4,normal
23.7,38.2,normal
23.7,32.1,normal
23.7,32.8,normal
23.7,32.2,normal
23.7,35.0,normal
23.7,40.2,normal
23.7,38.7,normal
23.7,39.8,normal
23.7,37.7,normal
23.7,36.2,normal
23.7,32.1,normal
23.7,34.9,normal
23.7,37.5,normal
23.7,36.3,normal
23.7,36.8,normal
23.7,36.5,normal
23.7,39.9,normal
23.7,39.7,normal
23.7,40.2,normal
23.7,38.1,normal
23.7,32.0,normal
23.7,37.8,normal
23.7,34.1,normal
23.7,35.7,normal
23.7,36.9,normal
23.7,36.8,normal
23.7,35.9,normal
23.7,35.7,normal
23.7,38.8,normal
23.7,32.0,normal
23.7,38.5,normal
23.7,35.4,normal
23.7,38.5,normal
23.7,36.2,normal
23.7,36.9,normal
23.7,40.1,normal
23.7,32.5,normal
23.7,32.3,normal
23.7,37.6,normal
23.7,35.8,normal
23.7,32.0,normal
23.7,34.3,normal
23.7,39.4,normal
23.7,36.7,normal
23.7,33.8,normal
23.7,32.7,normal
23.7,38.9,normal
23.7,32.6,normal
23.7,39.2,normal
23.7,36.8,normal
23.7,39.9,normal
23.7,36.4,normal
23.7,33.7,normal
23.7,34.8,normal
23.7,39.6,normal
23.7,39.3,normal
23.7,39.2,normal
23.7,36.5,normal
23.7,39.8,normal
23.7,38.4,normal
23.7,37.8,normal
23.7,34.0,normal
23.7,40.9,normal
23.7,40.7,normal
23.7,33.7,normal
23.7,40.3,normal
23.7,34.5,normal
23.7,35.3,normal
23.7,34.3,normal
23.7,38.4,normal
23.7,33.3,normal
23.7,40.6,normal
23.7,37.0,normal
23.7,35.0,normal
23.7,33.1,normal
23.7,32.4,normal
23.7,37.7,normal
23.7,40.7,normal
23.7,37.3,normal
23.7,36.8,normal
23.7,38.6,normal
23.7,36.1,normal
23.7,35.3,normal
23.7,32.2,normal
23.7,33.4,normal
23.7,36.2,normal
23.7,34.0,normal
23.7,40.5,normal
23.7,39.2,normal
23.7,37.3,normal
23.7,32.0,normal
23.7,33.3,normal
23.7,38.0,normal
23.7,39.5,normal
23.7,39.3,normal
23.7,32.0,normal
23.7,37.9,normal
23.7,33.6,normal
23.7,35.9,normal
23.7,36.9,normal
23.7,39.9,normal
23.7,40.7,normal
23.7,33.6,normal
23.7,32.4,normal
23.7,38.0,normal
23.7,33.3,normal
23.7,34.4,normal
23.7,34.3,normal
23.7,34.0,normal
23.7,34.6,normal
23.7,35.7,normal
23.7,35.4,normal
23.7,37.3,normal
23.7,40.9,normal
23.7,33.1,normal
23.7,34.3,normal
23.7,39.7,normal
23.7,32.1,normal
23.7,40.0,normal
23.7,32.1,normal
23.7,40.7,normal
23.7,37.3,normal
23.7,33.3,normal
23.7,33.8,normal
23.7,32.6,normal
23.7,36.7,normal
23.7,40.0,normal
23.7,33.3,normal
23.7,35.2,normal
23.7,37.7,normal
23.7,33.4,normal
23.7,39.8,normal
23.7,35.3,normal
23.7,36.3,normal
23.7,34.7,normal
23.7,39.1,normal
23.7,38.7,normal
23.7,35.8,normal
23.7,39.6,normal
23.7,39.1,normal
23.7,39.6,normal
23.7,36.9,normal
23.7,35.9,normal
23.7,40.3,normal
23.7,36.6,normal
23.7,38.5,normal
23.7,33.6,normal
23.7,38.0,normal
23.7,37.8,normal
23.7,37.7,normal
23.7,37.5,normal
23.7,33.3,normal
23.7,36.4,normal
23.7,33.1,normal
23.7,39.2,normal
23.7,33.9,normal
23.7,33.0,normal
23.7,35.9,normal
23.7,37.6,normal
23.7,38.5,normal
23.7,33.6,normal
23.7,36.4,normal
23.7,35.6,normal
23.7,39.0,normal
23.7,37.9,normal
23.7,36.8,normal
23.7,32.4,normal
23.7,39.4,normal
23.7,39.6,normal
23.7,32.7,normal
23.7,37.1,normal
23.7,38.0,normal
23.7,34.9,normal
23.7,37.6,normal
23.7,34.0,normal
23.7,33.6,normal
23.7,32.6,normal
23.7,39.0,normal
23.7,37.6,normal
23.7,33.6,normal
23.7,33.7,normal
23.7,38.1,normal
23.7,39.1,normal
23.7,34.2,normal
23.7,33.3,normal
23.7,32.3,normal
23.7,40.8,normal
23.7,38.7,normal
23.7,33.6,normal
23.7,34.0,normal
23.7,39.1,normal
23.7,34.0,normal
23.7,39.3,normal
23.7,33.7,normal
23.7,39.8,normal
23.7,37.0,normal
23.7,35.5,normal
23.7,37.9,normal
23.7,39.2,normal
23.7,35.4,normal
23.7,33.2,normal
23.7,32.5,normal
23.7,36.8,normal
23.7,36.5,normal
23.7,39.3,normal
23.7,33.3,normal
23.7,39.9,normal
23.7,37.9,normal
23.7,32.2,normal
23.7,37.9,normal
23.7,38.4,normal
23.7,37.0,normal
23.7,32.5,normal
23.7,37.5,normal
23.7,39.6,normal
23.7,33.7,normal
23.7,34.0,normal
23.7,33.4,normal
23.7,35.0,normal
23.7,36.6,normal
23.7,40.8,normal
23.7,33.3,normal
23.7,39.0,normal
23.7,37.5,normal
23.7,37.1,normal
23.6,34.6,normal
23.6,35.2,normal
23.6,41.0,normal
23.6,33.0,normal
23.6,36.5,normal
23.6,38.7,normal
23.6,36.8,normal
23.6,34.8,normal
23.6,39.8,normal
23.6,38.9,normal
23.6,37.9,normal
23.6,39.4,normal
23.6,40.1,normal
23.6,33.4,normal
23.6,35.0,normal
23.6,33.1,normal
23.6,36.0,normal
23.6,35.7,normal
23.6,37.7,normal
23.6,38.2,normal
23.6,40.8,normal
23.6,39.4,normal
23.6,40.9,normal
23.6,40.0,normal
23.6,36.8,normal
23.6,35.3,normal
23.6,35.7,normal
23.6,38.2,normal
23.6,36.6,normal
23.6,38.5,normal
23.6,33.9,normal
23.6,38.7,normal
23.6,35.9,normal
23.6,35.8,normal
23.6,35.9,normal
23.6,39.7,normal
23.6,36.0,normal
23.6,37.1,normal
23.6,33.5,normal
23.6,39.9,normal
23.6,39.2,normal
23.6,34.8,normal
23.6,36.3,normal
23.6,32.5,normal
23.6,34.5,normal
23.6,37.5,normal
23.6,38.4,normal
23.6,36.5,normal
23.6,38.8,normal
23.6,37.5,normal
23.6,35.2,normal
23.6,34.0,normal
23.6,38.6,normal
23.6,38.3,normal
23.6,37.6,normal
23.6,38.5,normal
23.6,35.8,normal
23.6,35.5,normal
23.6,40.5,normal
23.6,34.8,normal
23.6,34.6,normal
23.6,34.1,normal
23.6,35.4,normal
23.6,37.2,normal
23.6,37.1,normal
23.6,39.7,normal
23.6,37.0,normal
23.6,36.1,normal
23.6,39.6,normal
23.6,36.1,normal
23.6,40.6,normal
23.6,37.8,normal
23.6,33.7,normal
23.6,33.3,normal
23.6,32.4,normal
23.6,39.7,normal
23.6,34.5,normal
23.6,38.6,normal
23.6,37.7,normal
23.6,34.7,normal
23.6,37.4,normal
23.6,33.1,normal
23.6,32.1,normal
23.6,40.4,normal
23.6,35.6,normal
23.6,35.9,normal
23.6,40.9,normal
23.6,34.5,normal
23.6,38.2,normal
23.6,40.4,normal
23.6,39.3,normal
23.6,32.8,normal
23.6,36.2,normal
23.6,40.2,normal
23.6,35.5,normal
23.6,35.4,normal
23.6,34.2,normal
23.6,40.2,normal
23.6,34.4,normal
23.6,36.7,normal
23.6,36.9,normal
23.6,38.4,normal
23.6,36.4,normal
23.6,39.0,normal
23.6,35.1,normal
23.6,37.7,normal
23.6,32.9,normal
23.6,40.4,normal
23.6,32.0,normal
23.6,35.1,normal
23.6,37.8,normal
23.6,33.1,normal
23.6,36.5,normal
23.6,38.7,normal
23.6,40.2,normal
23.6,39.9,normal
23.6,33.3,normal
23.6,39.3,normal
23.6,40.2,normal
23.6,38.4,normal
23.6,39.3,normal
23.6,37.8,normal
23.6,37.6,normal
23.6,34.6,normal
23.6,34.9,normal
23.6,36.1,normal
23.6,38.7,normal
23.6,40.8,normal
23.6,40.2,normal
23.6,35.1,normal
23.6,32.5,normal
23.6,37.0,normal
23.6,38.8,normal
23.6,38.7,normal
23.6,39.0,normal
23.6,33.0,normal
23.6,33.3,normal
23.6,33.8,normal
23.6,36.6,normal
23.6,33.0,normal
23.6,38.9,normal
23.6,35.6,normal
23.6,33.6,normal
23.6,35.1,normal
23.6,37.4,normal
23.6,35.0,normal
23.6,33.2,normal
23.6,33.8,normal
23.6,40.0,normal
23.6,37.9,normal
23.6,36.9,normal
23.6,39.6,normal
23.6,40.6,normal
23.6,33.9,normal
23.6,35.3,normal
23.6,37.4,normal
23.6,33.6,normal
23.6,34.6,normal
23.6,35.8,normal
23.6,35.9,normal
23.6,33.4,normal
23.6,34.3,normal
23.6,39.4,normal
23.6,38.0,normal
23.6,34.3,normal
23.6,34.6,normal
23.6,32.0,normal
23.6,34.2,normal
23.6,34.1,normal
23.6,36.1,normal
23.6,38.9,normal
23.6,35.6,normal
23.6,35.2,normal
23.6,40.1,normal
23.6,40.8,normal
23.6,39.1,normal
23.6,40.3,normal
23.6,39.9,normal
23.6,40.7,normal
23.6,39.0,normal
23.6,32.8,normal
23.6,34.0,normal
23.6,35.8,normal
23.6,34.6,normal
23.6,33.2,normal
23.6,34.2,normal
23.6,35.4,normal
23.6,40.9,normal
23.6,32.4,normal
23.6,32.6,normal
23.6,40.1,normal
23.6,34.3,normal
23.6,37.1,normal
23.6,32.5,normal
23.6,32.7,normal
23.6,36.1,normal
23.6,37.1,normal
23.6,38.9,normal
23.6,39.2,normal
23.6,34.4,normal
23.6,34.6,normal
23.6,37.5,normal
23.6,38.0,normal
23.6,33.7,normal
23.6,36.2,normal
23.6,36.7,normal
23.6,32.6,normal
23.6,35.6,normal
23.6,32.4,normal
23.6,32.3,normal
23.6,38.9,normal
23.6,32.7,normal
23.6,34.7,normal
23.6,36.3,normal
23.6,37.4,normal
23.6,37.7,normal
23.6,33.3,normal
23.6,35.0,normal
23.6,34.4,normal
23.6,40.8,normal
23.6,33.0,normal
23.6,34.6,normal
23.6,38.0,normal
23.6,37.9,normal
23.6,39.6,normal
23.6,35.1,normal
23.6,38.5,normal
23.6,37.1,normal
23.6,38.3,normal
23.6,38.8,normal
23.6,37.4,normal
23.6,37.2,normal
23.6,36.3,normal
23.6,32.5,normal
23.6,34.8,normal
23.6,37.2,normal
23.6,37.3,normal
23.6,34.5,normal
23.6,37.8,normal
23.6,39.5,normal
23.6,33.5,normal
23.6,37.8,normal
23.6,39.2,normal
23.6,38.0,normal
23.6,40.8,normal
23.6,39.9,normal
23.6,39.6,normal
23.6,33.9,normal
23.6,37.9,normal
23.6,35.3,normal
23.6,38.5,normal
23.6,34.0,normal
23.6,41.0,normal
23.6,40.1,normal
23.6,34.8,normal
23.6,32.4,normal
23.6,35.4,normal
23.6,37.9,normal
23.6,40.0,normal
23.6,40.4,normal
23.6,38.1,normal
23.6,38.7,normal
23.6,39.8,normal
23.6,32.2,normal
23.6,34.5,normal
23.6,38.3,normal
23.6,40.8,normal
23.6,34.0,normal
23.6,32.4,normal
23.6,40.2,normal
23.6,37.1,normal
23.6,33.8,normal
23.6,40.4,normal
23.6,38.2,normal
23.6,40.3,normal
23.6,37.0,normal
23.6,34.9,normal
23.6,38.0,normal
23.6,37.6,normal
23.6,39.3,normal
23.6,36.8,normal
23.6,32.5,normal
23.6,38.7,normal
23.6,34.4,normal
23.6,34.7,normal
23.6,36.0,normal
23.6,38.4,normal
23.6,39.5,normal
23.6,34.6,normal
23.6,40.1,normal
23.6,40.8,normal
23.6,37.5,normal
23.6,40.0,normal
23.6,38.1,normal
23.6,39.2,normal
23.6,40.6,normal
23.6,33.8,normal
23.6,36.2,normal
23.6,40.5,normal
23.6,35.0,normal
23.6,34.4,normal
23.6,38.6,normal
23.6,37.1,normal
23.6,35.4,normal
23.6,38.1,normal
23.6,32.8,normal
23.6,34.8,normal
23.6,40.0,normal
23.6,39.4,normal
23.6,34.0,normal
23.6,38.0,normal
23.6,32.2,normal
23.6,33.4,normal
23.6,32.8,normal
23.6,37.5,normal
23.6,33.6,normal
23.6,35.7,normal
23.6,39.4,normal
23.6,37.8,normal
23.6,37.2,normal
23.6,38.7,normal
23.6,35.9,normal
23.6,39.7,normal
23.6,40.7,normal
23.6,33.6,normal
23.6,32.3,normal
23.6,37.0,normal
23.6,33.1,normal
23.6,38.4,normal
23.6,39.2,normal
23.6,40.4,normal
23.6,36.8,normal
23.6,34.9,normal
23.6,39.1,normal
23.6,34.9,normal
23.6,33.2,normal
23.6,35.0,normal
23.6,33.3,normal
23.6,39.2,normal
23.6,39.5,normal
23.6,38.8,normal
23.6,36.9,normal
23.6,34.1,normal
23.6,35.0,normal
23.6,38.8,normal
23.6,34.0,normal
23.6,32.5,normal
23.6,34.0,normal
23.6,40.9,normal
23.6,37.9,normal
23.6,36.4,normal
23.6,37.7,normal
23.6,37.5,normal
23.6,40.6,normal
23.6,34.1,normal
23.6,36.9,normal
23.6,33.3,normal
23.6,40.8,normal
23.6,38.9,normal
23.6,32.4,normal
23.6,38.3,normal
23.6,38.5,normal
23.6,34.1,normal
23.6,36.8,normal
23.6,40.1,normal
23.6,39.6,normal
23.6,40.6,normal
23.6,38.4,normal
23.6,34.1,normal
23.6,36.2,normal
23.6,40.4,normal
23.6,34.3,normal
23.6,38.2,normal
23.6,35.1,normal
23.6,40.0,normal
23.6,35.8,normal
23.6,34.4,normal
23.6,37.4,normal
23.6,39.2,normal
23.6,38.4,normal
23.6,36.1,normal
23.6,37.2,normal
23.6,39.0,normal
23.6,32.8,normal
23.6,35.7,normal
23.6,39.0,normal
23.6,39.2,normal
23.6,39.2,normal
23.6,39.3,normal
23.6,33.0,normal
23.6,39.0,normal
23.6,36.5,normal
23.6,34.4,normal
23.6,33.7,normal
23.6,39.1,normal
23.6,39.7,normal
23.6,35.4,normal
23.6,36.6,normal
23.6,33.7,normal
23.6,40.0,normal
23.6,40.9,normal
23.6,35.3,normal
23.6,37.5,normal
23.6,36.8,normal
23.6,32.6,normal
23.6,37.8,normal
23.6,35.4,normal
23.6,34.7,normal
23.6,32.4,normal
23.6,39.4,normal
23.6,38.6,normal
23.6,39.0,normal
23.6,40.3,normal
23.6,38.6,normal
23.6,38.1,normal
23.6,37.1,normal
23.6,38.3,normal
23.6,41.0,normal
23.6,32.7,normal
23.6,35.9,normal
23.6,32.3,normal
23.6,38.5,normal
23.6,36.0,normal
23.6,32.1,normal
23.6,32.2,normal
23.6,32.2,normal
23.6,39.7,normal
23.6,39.4,normal
23.6,40.3,normal
23.6,34.9,normal
23.6,39.4,normal
23.6,35.0,normal
23.6,38.1,normal
23.6,33.8,normal
23.6,33.7,normal
23.6,36.5,normal
23.6,36.0,normal
23.6,38.8,normal
23.6,39.8,normal
23.6,34.7,normal
23.6,32.3,normal
23.6,37.6,normal
23.6,35.3,normal
23.6,36.5,normal
23.6,36.1,normal
23.6,40.8,normal
23.6,35.9,normal
23.6,37.0,normal
23.6,40.1,normal
23.6,40.9,normal
23.6,36.2,normal
23.6,32.6,normal
23.6,40.0,normal
23.6,35.0,normal
23.6,34.3,normal
23.6,40.0,normal
23.6,36.7,normal
23.6,38.8,normal
23.6,34.2,normal
23.6,40.8,normal
23.6,39.7,normal
23.6,36.4,normal
23.6,35.2,normal
23.6,38.4,normal
23.6,38.9,normal
23.6,38.3,normal
23.6,33.4,normal
23.6,39.3,normal
23.6,37.0,normal
23.6,32.1,normal
23.6,37.7,normal
23.6,32.9,normal
23.6,38.5,normal
23.6,37.1,normal
23.6,32.8,normal
23.6,34.3,normal
23.6,37.7,normal
23.6,35.6,normal
23.6,39.9,normal
23.6,33.5,normal
23.6,34.0,normal
23.6,34.2,normal
23.6,39.8,normal
23.6,34.2,normal
23.6,34.7,normal
23.6,40.4,normal
23.6,33.0,normal
23.6,33.7,normal
23.6,33.4,normal
23.6,35.1,normal
23.6,37.5,normal
23.6,39.6,normal
23.6,37.4,normal
23.6,37.6,normal
23.6,40.4,normal
23.6,32.5,normal
23.7,38.3,normal
23.7,33.9,normal
23.7,32.2,normal
23.7,32.0,normal
23.7,32.9,normal
23.7,39.0,normal
23.7,36.8,normal
23.7,39.9,normal
23.7,39.1,normal
23.7,35.7,normal
23.7,36.3,normal
23.7,40.1,normal
23.7,34.7,normal
23.7,33.7,normal
23.7,33.7,normal
23.7,37.3,normal
23.7,36.1,normal
23.7,40.1,normal
23.7,33.1,normal
23.7,37.6,normal
23.7,40.4,normal
23.7,33.2,normal
23.7,38.1,normal
23.7,34.1,normal
23.7,35.6,normal
23.7,33.5,normal
23.7,39.1,normal
23.7,38.5,normal
23.7,40.8,normal
23.7,38.2,normal
23.7,36.5,normal
23.7,40.0,normal
23.7,37.8,normal
23.7,33.2,normal
23.7,39.0,normal
23.7,35.8,normal
23.7,39.2,normal
23.7,36.9,normal
23.7,39.4,normal
23.7,38.7,normal
23.7,34.2,normal
23.7,34.9,normal
23.7,33.2,normal
23.7,38.8,normal
23.7,32.3,normal
23.7,36.1,normal
23.7,32.9,normal
23.7,35.9,normal
23.7,35.8,normal
23.7,40.8,normal
23.7,36.7,normal
23.7,32.7,normal
23.7,38.7,normal
23.7,35.4,normal
23.7,38.3,normal
23.7,36.5,normal
23.7,34.7,normal
23.7,35.3,normal
23.7,32.2,normal
23.7,36.9,normal
23.7,40.3,normal
23.7,33.6,normal
23.7,35.7,normal
23.7,32.4,normal
23.7,37.3,normal
23.7,36.6,normal
23.7,33.2,normal
23.7,36.9,normal
23.7,32.3,normal
23.7,38.2,normal
23.7,38.7,normal
23.7,36.4,normal
23.7,34.7,normal
23.7,32.7,normal
23.7,40.0,normal
23.7,35.4,normal
23.7,36.4,normal
23.7,39.7,normal
23.7,39.0,normal
23.7,32.0,normal
23.7,36.9,normal
23.7,33.9,normal
23.7,33.4,normal
23.7,39.3,normal
23.7,38.8,normal
23.7,32.4,normal
23.7,39.5,normal
23.7,32.1,normal
23.7,32.5,normal
23.7,39.5,normal
23.7,35.7,normal
23.7,37.3,normal
23.7,33.6,normal
23.7,38.7,normal
23.7,40.7,normal
23.7,39.9,normal
23.7,38.9,normal
23.7,38.1,normal
23.7,37.6,normal
23.7,34.2,normal
23.7,39.2,normal
23.7,40.1,normal
23.7,39.2,normal
23.7,36.1,normal
23.7,37.6,normal
23.7,35.9,normal
23.7,37.3,normal
23.7,36.2,normal
23.7,36.7,normal
23.7,40.7,normal
23.7,35.5,normal
23.7,36.8,normal
23.7,33.6,normal
23.7,39.2,normal
23.7,36.0,normal
23.7,34.6,normal
23.7,39.4,normal
23.7,39.7,normal
23.7,36.6,normal
23.7,35.4,normal
23.7,38.6,normal
23.7,38.0,normal
23.7,34.1,normal
23.7,32.1,normal
23.7,40.0,normal
23.7,32.5,normal
23.7,37.4,normal
23.7,35.1,normal
23.7,33.0,normal
23.7,32.8,normal
23.7,34.6,normal
23.7,35.4,normal
23.7,33.3,normal
23.7,39.4,normal
23.7,32.3,normal
23.7,37.7,normal
23.7,37.6,normal
23.7,32.2,normal
23.7,40.5,normal
23.7,35.7,normal
23.7,37.3,normal
23.7,37.5,normal
23.7,33.4,normal
23.7,34.1,normal
23.7,38.6,normal
23.7,32.4,normal
23.7,37.2,normal
23.7,38.5,normal
23.7,37.1,normal
23.7,36.5,normal
23.7,36.6,normal
23.7,37.5,normal
23.7,32.9,normal
23.7,36.7,normal
23.7,39.9,normal
23.7,39.1,normal
23.7,39.2,normal
23.7,35.7,normal
23.7,37.4,normal
23.7,38.7,normal
23.7,37.2,normal
23.7,39.6,normal
23.7,37.1,normal
23.7,37.9,normal
23.7,37.4,normal
23.7,37.5,normal
23.7,33.9,normal
23.7,37.4,normal
23.7,36.4,normal
23.7,40.9,normal
23.7,37.3,normal
23.7,33.1,normal
23.7,37.6,normal
23.7,39.1,normal
23.7,38.5,normal
23.7,37.6,normal
23.7,40.6,normal
23.7,33.1,normal
23.7,39.3,normal
23.7,39.4,normal
23.7,35.8,normal
23.7,38.1,normal
23.7,39.3,normal
23.7,38.4,normal
23.7,35.5,normal
23.7,34.9,normal
23.7,36.0,normal
23.7,35.1,normal
23.7,35.0,normal
23.7,37.4,normal
23.7,33.5,normal
23.7,32.8,normal
23.7,38.1,normal
23.7,33.9,normal
23.7,38.6,normal
23.7,37.1,normal
23.7,35.1,normal
23.7,36.9,normal
23.7,39.6,normal
23.7,38.0,normal
23.7,40.6,normal
23.7,39.3,normal
23.7,38.6,normal
23.7,32.1,normal
23.7,38.2,normal
23.7,35.9,normal
23.7,40.4,normal
23.7,33.7,normal
23.7,36.5,normal
23.7,34.1,normal
23.7,37.0,normal
23.7,37.9,normal
23.7,36.1,normal
23.7,36.8,normal
23.7,33.4,normal
23.7,38.7,normal
23.7,34.7,normal
23.7,32.4,normal
23.7,40.5,normal
23.7,36.3,normal
23.7,36.0,normal
23.7,40.2,normal
23.7,32.2,normal
23.7,34.7,normal
23.7,36.6,normal
23.7,39.9,normal
23.7,32.9,normal
23.7,34.9,normal
23.7,34.5,normal
23.7,32.7,normal
23.7,32.6,normal
23.7,33.4,normal
23.7,40.6,normal
23.7,34.1,normal
23.7,32.2,normal
23.7,39.1,normal
23.7,36.1,normal
23.7,38.1,normal
23.7,38.6,normal
23.7,37.0,normal
23.7,40.1,normal
23.7,33.7,normal
23.7,36.4,normal
23.7,32.2,normal
23.7,37.8,normal
23.7,36.0,normal
23.7,32.4,normal
23.7,35.4,normal
23.7,35.5,normal
23.7,32.8,normal
23.7,34.1,normal
23.7,37.8,normal
23.7,32.2,normal
23.7,40.3,normal
23.7,38.8,normal
23.7,38.5,normal
23.7,37.5,normal
23.7,39.2,normal
23.7,33.5,normal
23.7,37.0,normal
23.7,38.2,normal
23.7,32.8,normal
23.7,35.2,normal
23.7,38.6,normal
23.7,33.8,normal
23.7,36.9,normal
23.7,38.3,normal
23.7,39.8,normal
23.7,33.7,normal
23.7,38.1,normal
23.7,32.6,normal
23.7,39.1,normal
23.7,32.9,normal
23.7,37.8,normal
23.7,40.4,normal
23.7,34.0,normal
23.7,37.5,normal
23.7,33.7,normal
23.7,39.6,normal
23.7,33.6,normal
23.7,36.2,normal
23.7,33.7,normal
23.7,36.4,normal
23.7,32.7,normal
23.7,38.0,normal
23.7,33.1,normal
23.7,39.2,normal
23.7,37.1,normal
23.7,34.7,normal
23.7,34.1,normal
23.7,33.5,normal
23.7,38.4,normal
23.7,39.1,normal
23.7,39.4,normal
23.7,35.2,normal
23.7,34.2,normal
23.7,40.8,normal
23.7,39.6,normal
23.7,34.5,normal
23.7,40.6,normal
23.7,38.9,normal
23.7,36.4,normal
23.7,40.9,normal
23.7,40.2,normal
23.7,36.2,normal
23.7,38.6,normal
23.7,37.8,normal
23.7,37.4,normal
23.7,38.3,normal
23.7,33.1,normal
23.7,36.9,normal
23.7,33.6,normal
23.7,39.5,normal
23.7,36.0,normal
23.7,35.1,normal
23.7,39.1,normal
23.7,34.0,normal
23.7,34.3,normal
23.7,32.1,normal
23.7,34.6,normal
23.7,38.6,normal
23.7,39.1,normal
23.7,33.8,normal
23.7,37.5,normal
23.7,38.0,normal
23.7,32.5,normal
23.7,39.0,normal
23.7,38.5,normal
23.7,39.0,normal
23.7,37.6,normal
23.7,36.6,normal
23.7,37.4,normal
23.7,34.0,normal
23.7,34.3,normal
23.7,35.4,normal
23.7,33.4,normal
23.7,32.8,normal
23.7,40.2,normal
23.7,40.5,normal
23.7,40.4,normal
23.7,36.0,normal
23.7,34.5,normal
23.7,34.4,normal
23.7,34.2,normal
23.7,38.7,normal
23.7,40.4,normal
23.7,32.1,normal
23.7,34.3,normal
23.7,36.1,normal
23.7,39.8,normal
23.7,34.3,normal
23.7,33.7,normal
23.7,37.9,normal
23.7,37.3,normal
23.7,40.3,normal
23.7,32.9,normal
23.7,36.4,normal
23.7,35.3,normal
23.7,35.1,normal
23.7,36.8,normal
23.7,34.1,normal
23.7,40.3,normal
23.7,37.4,normal
23.7,32.2,normal
23.7,32.8,normal
23.7,38.5,normal
23.7,39.9,normal
23.7,34.2,normal
23.7,38.1,normal
23.7,36.7,normal
23.7,34.0,normal
23.7,38.4,normal
23.7,34.9,normal
23.7,34.0,normal
23.7,39.7,normal
23.7,40.4,normal
23.7,34.2,normal
23.7,32.8,normal
23.7,38.2,normal
23.7,39.4,normal
23.7,32.2,normal
23.7,37.9,normal
23.7,33.5,normal
23.7,37.9,normal
23.7,34.9,normal
23.7,34.1,normal
23.7,37.8,normal
23.7,38.1,normal
23.7,36.1,normal
23.7,32.8,normal
23.7,34.3,normal
23.7,32.2,normal
23.7,40.0,normal
23.7,35.8,normal
23.7,35.0,normal
23.7,36.1,normal
23.7,36.7,normal
23.7,40.2,normal
23.7,35.6,normal
23.7,37.1,normal
23.7,32.6,normal
23.7,32.1,normal
23.7,37.6,normal
23.7,36.9,normal
23.7,34.0,normal
23.7,40.1,normal
23.7,32.3,normal
23.7,38.9,normal
23.7,34.8,normal
23.7,32.4,normal
23.7,34.8,normal
23.7,34.2,normal
23.7,39.7,normal
23.7,33.4,normal
23.7,40.5,normal
23.7,35.6,normal
23.7,37.6,normal
23.7,40.1,normal
23.7,34.1,normal
23.7,37.7,normal
23.7,38.2,normal
23.7,40.0,normal
23.7,33.7,normal
23.7,37.6,normal
23.7,38.5,normal
23.7,37.4,normal
23.7,40.3,normal
23.7,33.2,normal
23.7,37.1,normal
23.7,35.9,normal
23.7,34.9,normal
23.7,38.6,normal
23.7,36.5,normal
23.7,38.1,normal
23.7,32.9,normal
23.7,37.1,normal
23.7,39.7,normal
23.7,37.2,normal
23.7,32.2,normal
23.7,39.4,normal
23.7,38.5,normal
23.7,39.7,normal
23.7,36.2,normal
23.7,37.7,normal
23.7,34.3,normal
23.7,35.3,normal
23.7,40.8,normal
23.7,36.9,normal
23.7,35.6,normal
23.7,40.2,normal
23.7,32.5,normal
23.7,37.4,normal
23.7,34.5,normal
23.7,34.9,normal
23.7,32.3,normal
23.7,35.8,normal
23.7,40.3,normal
23.7,37.2,normal
23.7,36.1,normal
23.7,38.1,normal
23.7,34.3,normal
23.7,32.8,normal
23.7,35.3,normal
23.7,32.3,normal
23.7,32.6,normal
23.7,32.9,normal
23.7,32.1,normal
23.7,40.4,normal
23.7,34.9,normal
23.7,35.5,normal
23.7,39.4,normal
23.7,40.7,normal
23.7,40.3,normal
23.7,36.0,normal
23.7,40.9,normal
23.7,35.5,normal
23.7,36.9,normal
23.7,35.0,normal
23.7,39.3,normal
23.7,37.0,normal
23.7,34.7,normal
23.7,37.9,normal
23.7,36.4,normal
23.7,37.7,normal
23.7,34.9,normal
23.7,35.7,normal
23.7,35.2,normal
23.7,38.0,normal
23.7,37.8,normal
23.7,36.9,normal
23.7,33.2,normal
23.7,33.6,normal
23.7,35.1,normal
23.7,34.9,normal
23.7,36.9,normal
23.7,39.2,normal
23.7,38.6,normal
23.7,35.2,normal
23.7,35.1,normal
23.7,34.2,normal
23.7,33.6,normal
23.7,40.1,normal
23.7,36.3,normal
23.7,40.2,normal
23.7,39.5,normal
23.7,39.5,normal
23.7,39.3,normal
23.7,36.9,normal
23.7,40.7,normal
23.7,34.9,normal
23.7,36.8,normal
23.7,37.9,normal
23.7,34.4,normal
23.7,34.3,normal
23.7,39.9,normal
23.7,33.7,normal
23.7,40.5,normal
23.7,37.5,normal
23.7,39.8,normal
23.7,38.0,normal
23.7,35.8,normal
23.7,40.2,normal
23.7,39.0,normal
23.7,33.6,normal
23.7,33.2,normal
23.7,38.3,normal
23.7,37.5,normal
23.7,35.5,normal
23.7,40.8,normal
23.7,34.3,normal
23.7,38.6,normal
23.7,34.9,normal
23.7,38.7,normal
23.7,35.6,normal
23.7,32.1,normal
23.7,36.5,normal
23.7,32.4,normal
23.7,38.7,normal
23.7,32.6,normal
23.7,37.9,normal
23.7,37.7,normal
23.7,35.2,normal
23.7,34.6,normal
23.7,39.3,normal
23.7,39.6,normal
23.7,37.8,normal
23.7,38.1,normal
23.7,40.6,normal
23.7,40.7,normal
23.7,39.9,normal
23.7,34.5,normal
23.7,36.6,normal
23.7,32.7,normal
23.7,35.5,normal
23.7,37.5,normal
23.7,35.7,normal
23.7,37.6,normal
23.7,33.6,normal
23.7,39.3,normal
23.7,32.6,normal
23.7,32.4,normal
23.7,32.8,normal
23.7,39.4,normal
23.7,32.7,normal
23.7,35.3,normal
23.7,34.6,normal
23.7,34.4,normal
23.7,32.3,normal
23.7,39.4,normal
23.7,34.9,normal
23.7,40.6,normal
23.7,34.5,normal
23.7,34.0,normal
23.7,35.4,normal
23.7,34.9,normal
23.7,35.9,normal
23.7,33.6,normal
23.7,39.3,normal
23.7,40.9,normal
23.7,39.5,normal
23.7,34.4,normal
23.7,39.0,normal
23.7,40.9,normal
23.7,33.4,normal
23.7,36.8,normal
23.7,33.3,normal
23.7,33.3,normal
23.7,36.9,normal
23.7,32.3,normal
23.7,34.2,normal
29.2,40.0,anormales
29.2,40.0,anormales
29.2,40.0,anormales
29.2,40.0,anormales
29.5,40.0,anormales
29.5,40.0,anormales
29.5,40.0,anormales
29.5,40.0,anormales
29.8,40.0,anormales
29.8,40.0,anormales
29.8,40.0,anormales
29.8,40.0,anormales
30.1,38.0,anormales
30.1,38.0,anormales
30.1,38.0,anormales
30.1,38.0,anormales
30.4,38.0,anormales
30.4,38.0,anormales
30.4,38.0,anormales
30.4,38.0,anormales
30.8,37.0,anormales
30.8,37.0,anormales
30.8,37.0,anormales
30.8,37.0,anormales
31.0,37.0,anormales
31.0,37.0,anormales
31.0,37.0,anormales
31.0,37.0,anormales
31.4,37.0,anormales
31.4,37.0,anormales
31.4,37.0,anormales
31.4,37.0,anormales
31.7,36.0,anormales
31.7,36.0,anormales
31.7,36.0,anormales
31.7,36.0,anormales
32.0,36.0,anormales
32.0,36.0,anormales
32.0,36.0,anormales
32.0,36.0,anormales
32.3,35.0,anormales
32.3,35.0,anormales
32.3,35.0,anormales
32.3,35.0,anormales
32.6,35.0,anormales
32.6,35.0,anormales
32.6,35.0,anormales
32.6,35.0,anormales
32.9,35.0,anormales
32.9,35.0,anormales
32.9,35.0,anormales
32.9,35.0,anormales
33.1,35.0,anormales
33.1,35.0,anormales
33.1,35.0,anormales
33.1,35.0,anormales
33.4,34.0,anormales
33.4,34.0,anormales
33.4,34.0,anormales
33.4,34.0,anormales
33.7,34.0,anormales
33.7,34.0,anormales
33.7,34.0,anormales
33.7,34.0,anormales
34.0,33.0,anormales
34.0,33.0,anormales
34.0,33.0,anormales
34.0,33.0,anormales
34.2,33.0,anormales
34.2,33.0,anormales
34.2,33.0,anormales
34.2,33.0,anormales
34.5,32.0,anormales
34.5,32.0,anormales
34.5,32.0,anormales
34.5,32.0,anormales
34.8,32.0,anormales
34.8,32.0,anormales
34.8,32.0,anormales
34.8,32.0,anormales
35.1,30.0,anormales
35.1,30.0,anormales
35.1,30.0,anormales
35.1,30.0,anormales
35.3,30.0,anormales
35.3,30.0,anormales
35.3,30.0,anormales
35.3,30.0,anormales
35.6,30.0,anormales
35.6,30.0,anormales
35.6,30.0,anormales
35.6,30.0,anormales
35.9,29.0,anormales
35.9,29.0,anormales
35.9,29.0,anormales
35.9,29.0,anormales
36.1,28.0,anormales
36.1,28.0,anormales
36.1,28.0,anormales
36.1,28.0,anormales
36.4,28.0,anormales
36.4,28.0,anormales
36.4,28.0,anormales
36.4,28.0,anormales
36.6,27.0,anormales
36.6,27.0,anormales
36.6,27.0,anormales
36.6,27.0,anormales
36.8,27.0,anormales
36.8,27.0,anormales
36.8,27.0,anormales
36.8,27.0,anormales
37.1,26.0,anormales
37.1,26.0,anormales
37.1,26.0,anormales
37.1,26.0,anormales
37.4,26.0,anormales
37.4,26.0,anormales
37.4,26.0,anormales
37.4,26.0,anormales
37.7,26.0,anormales
37.7,26.0,anormales
37.7,26.0,anormales
37.7,26.0,anormales
38.0,25.0,anormales
38.0,25.0,anormales
38.0,25.0,anormales
38.0,25.0,anormales
38.1,25.0,anormales
38.1,25.0,anormales
38.1,25.0,anormales
38.1,25.0,anormales
38.4,24.0,anormales
38.4,24.0,anormales
38.4,24.0,anormales
38.4,24.0,anormales
38.7,24.0,anormales
38.7,24.0,anormales
38.7,24.0,anormales
38.7,24.0,anormales
38.9,23.0,anormales
38.9,23.0,anormales
38.9,23.0,anormales
38.9,23.0,anormales
39.0,23.0,anormales
39.0,23.0,anormales
39.0,23.0,anormales
39.0,23.0,anormales
39.2,22.0,anormales
39.2,22.0,anormales
39.2,22.0,anormales
39.2,22.0,anormales
39.5,22.0,anormales
39.5,22.0,anormales
39.5,22.0,anormales
39.5,22.0,anormales
39.7,22.0,anormales
39.7,22.0,anormales
39.7,22.0,anormales
39.7,22.0,anormales
40.0,21.0,anormales
40.0,21.0,anormales
40.0,21.0,anormales
40.0,21.0,anormales
40.0,21.0,anormales
40.0,21.0,anormales
40.0,21.0,anormales
40.0,21.0,anormales
40.2,20.0,anormales
40.2,20.0,anormales
40.2,20.0,anormales
40.2,20.0,anormales
40.4,20.0,anormales
40.4,20.0,anormales
40.4,20.0,anormales
40.4,20.0,anormales
40.7,20.0,anormales
40.7,20.0,anormales
40.7,20.0,anormales
40.7,20.0,anormales
40.9,20.0,anormales
40.9,20.0,anormales
40.9,20.0,anormales
40.9,20.0,anormales
41.0,19.0,anormales
41.0,19.0,anormales
41.0,19.0,anormales
41.0,19.0,anormales
41.2,19.0,anormales
41.2,19.0,anormales
41.2,19.0,anormales
41.2,19.0,anormales
41.4,18.0,anormales
41.4,18.0,anormales
41.4,18.0,anormales
41.4,18.0,anormales
41.7,18.0,anormales
41.7,18.0,anormales
41.7,18.0,anormales
41.7,18.0,anormales
41.9,18.0,anormales
41.9,18.0,anormales
41.9,18.0,anormales
41.9,18.0,anormales
42.0,17.0,anormales
42.0,17.0,anormales
42.0,17.0,anormales
42.0,17.0,anormales
42.1,17.0,anormales
42.1,17.0,anormales
42.1,17.0,anormales
42.1,17.0,anormales
42.3,17.0,anormales
42.3,17.0,anormales
42.3,17.0,anormales
42.3,17.0,anormales
42.5,16.0,anormales
42.5,16.0,anormales
42.5,16.0,anormales
42.5,16.0,anormales
42.7,16.0,anormales
42.7,16.0,anormales
42.7,16.0,anormales
42.7,16.0,anormales
42.9,16.0,anormales
42.9,16.0,anormales
42.9,16.0,anormales
42.9,16.0,anormales
43.0,16.0,anormales
43.0,16.0,anormales
43.0,16.0,anormales
43.0,16.0,anormales
43.1,16.0,anormales
43.1,16.0,anormales
43.1,16.0,anormales
43.1,16.0,anormales
43.3,15.0,anormales
43.3,15.0,anormales
43.3,15.0,anormales
43.3,15.0,anormales
43.5,15.0,anormales
43.5,15.0,anormales
43.5,15.0,anormales
43.5,15.0,anormales
43.7,15.0,anormales
43.7,15.0,anormales
43.7,15.0,anormales
43.7,15.0,anormales
43.8,15.0,anormales
43.8,15.0,anormales
43.8,15.0,anormales
43.8,15.0,anormales
44.0,15.0,anormales
44.0,15.0,anormales
44.0,15.0,anormales
44.0,15.0,anormales
44.0,15.0,anormales
44.0,15.0,anormales
44.0,15.0,anormales
44.0,15.0,anormales
44.2,14.0,anormales
44.2,14.0,anormales
44.2,14.0,anormales
44.2,14.0,anormales
44.4,14.0,anormales
44.4,14.0,anormales
44.4,14.0,anormales
44.4,14.0,anormales
44.5,14.0,anormales
44.5,14.0,anormales
44.5,14.0,anormales
44.5,14.0,anormales
44.7,13.0,anormales
44.7,13.0,anormales
44.7,13.0,anormales
44.7,13.0,anormales
44.9,13.0,anormales
44.9,13.0,anormales
44.9,13.0,anormales
44.9,13.0,anormales
45.0,12.0,anormales
45.0,12.0,anormales
45.0,12.0,anormales
45.0,12.0,anormales
45.0,12.0,anormales
45.0,12.0,anormales
45.0,12.0,anormales
45.0,12.0,anormales
45.1,12.0,anormales
45.1,12.0,anormales
45.1,12.0,anormales
45.1,12.0,anormales
45.2,12.0,anormales
45.2,12.0,anormales
45.2,12.0,anormales
45.2,12.0,anormales
45.3,11.0,anormales
45.3,11.0,anormales
45.3,11.0,anormales
45.3,11.0,anormales
45.4,11.0,anormales
45.4,11.0,anormales
45.4,11.0,anormales
45.4,11.0,anormales
45.6,11.0,anormales
45.6,11.0,anormales
45.6,11.0,anormales
45.6,11.0,anormales
45.7,11.0,anormales
45.7,11.0,anormales
45.7,11.0,anormales
45.7,11.0,anormales
45.8,11.0,anormales
45.8,11.0,anormales
45.8,11.0,anormales
45.8,11.0,anormales
45.9,10.0,anormales
45.9,10.0,anormales
45.9,10.0,anormales
45.9,10.0,anormales
46.0,10.0,anormales
46.0,10.0,anormales
46.0,10.0,anormales
46.0,10.0,anormales
46.0,10.0,anormales
46.0,10.0,anormales
46.0,10.0,anormales
46.0,10.0,anormales
46.0,10.0,anormales
46.0,10.0,anormales
46.0,10.0,anormales
46.0,10.0,anormales
46.1,5.0,anormales
46.1,5.0,anormales
46.1,5.0,anormales
46.1,5.0,anormales
46.2,5.0,anormales
46.2,5.0,anormales
46.2,5.0,anormales
46.2,5.0,anormales
46.3,5.0,anormales
46.3,5.0,anormales
46.3,5.0,anormales
46.3,5.0,anormales
46.3,5.0,anormales
46.3,5.0,anormales
46.3,5.0,anormales
46.3,5.0,anormales
46.4,8.0,anormales
46.4,8.0,anormales
46.4,8.0,anormales
46.4,8.0,anormales
46.4,8.0,anormales
46.4,8.0,anormales
46.4,8.0,anormales
46.4,8.0,anormales
46.5,8.0,anormales
46.5,8.0,anormales
46.5,8.0,anormales
46.5,8.0,anormales
46.5,8.0,anormales
46.5,8.0,anormales
46.5,8.0,anormales
46.5,8.0,anormales
46.6,8.0,anormales
46.6,8.0,anormales
46.6,8.0,anormales
46.6,8.0,anormales
46.6,8.0,anormales
46.6,8.0,anormales
46.6,8.0,anormales
46.6,8.0,anormales
46.7,8.0,anormales
46.7,8.0,anormales
46.7,8.0,anormales
46.7,8.0,anormales
46.7,8.0,anormales
46.7,8.0,anormales
46.7,8.0,anormales
46.7,8.0,anormales
46.8,8.0,anormales
46.8,8.0,anormales
46.8,8.0,anormales
46.8,8.0,anormales
46.8,8.0,anormales
46.8,8.0,anormales
46.8,8.0,anormales
46.8,8.0,anormales
46.9,8.0,anormales
46.9,8.0,anormales
46.9,8.0,anormales
46.9,8.0,anormales
46.9,8.0,anormales
46.9,8.0,anormales
46.9,8.0,anormales
46.9,8.0,anormales
47.0,8.0,anormales
47.0,8.0,anormales
47.0,8.0,anormales
47.0,8.0,anormales
47.0,8.0,anormales
47.0,8.0,anormales
47.0,8.0,anormales
47.0,8.0,anormales
47.0,8.0,anormales
47.0,8.0,anormales
47.0,8.0,anormales
47.0,8.0,anormales
47.0,8.0,anormales
47.0,8.0,anormales
47.0,8.0,anormales
47.0,8.0,anormales
47.0,5.0,anormales
47.0,5.0,anormales
47.0,5.0,anormales
47.0,5.0,anormales
47.0,5.0,anormales
47.0,5.0,anormales
47.0,5.0,anormales
47.0,5.0,anormales
47.1,5.0,anormales
47.1,5.0,anormales
47.1,5.0,anormales
47.1,5.0,anormales
47.2,5.0,anormales
47.2,5.0,anormales
47.2,5.0,anormales
47.2,5.0,anormales
47.2,5.0,anormales
47.2,5.0,anormales
47.2,5.0,anormales
47.2,5.0,anormales
47.3,8.0,anormales
47.3,8.0,anormales
47.3,8.0,anormales
47.3,8.0,anormales
47.3,5.0,anormales
47.3,5.0,anormales
47.3,5.0,anormales
47.3,5.0,anormales
47.3,5.0,anormales
47.3,5.0,anormales
47.3,5.0,anormales
47.3,5.0,anormales
47.4,5.0,anormales
47.4,5.0,anormales
47.4,5.0,anormales
47.4,5.0,anormales
47.3,5.0,anormales
47.3,5.0,anormales
47.3,5.0,anormales
47.3,5.0,anormales
47.3,5.0,anormales
47.3,5.0,anormales
47.3,5.0,anormales
47.3,5.0,anormales
47.3,5.0,anormales
47.3,5.0,anormales
47.3,5.0,anormales
47.3,5.0,anormales
47.3,5.0,anormales
47.3,5.0,anormales
47.3,5.0,anormales
47.3,5.0,anormales
47.2,5.0,anormales
47.2,5.0,anormales
47.2,5.0,anormales
47.2,5.0,anormales
47.1,5.0,anormales
47.1,5.0,anormales
47.1,5.0,anormales
47.1,5.0,anormales
47.0,5.0,anormales
47.0,5.0,anormales
47.0,5.0,anormales
47.0,5.0,anormales
46.9,5.0,anormales
46.9,5.0,anormales
46.9,5.0,anormales
46.9,5.0,anormales
46.8,5.0,anormales
46.8,5.0,anormales
46.8,5.0,anormales
46.8,5.0,anormales
46.6,5.0,anormales
46.6,5.0,anormales
46.6,5.0,anormales
46.6,5.0,anormales
46.4,5.0,anormales
46.4,5.0,anormales
46.4,5.0,anormales
46.4,5.0,anormales
46.2,5.0,anormales
46.2,5.0,anormales
46.2,5.0,anormales
46.2,5.0,anormales
46.0,5.0,anormales
46.0,5.0,anormales
46.0,5.0,anormales
46.0,5.0,anormales
45.8,5.0,anormales
45.8,5.0,anormales
45.8,5.0,anormales
45.8,5.0,anormales
45.6,5.0,anormales
45.6,5.0,anormales
45.6,5.0,anormales
45.6,5.0,anormales
45.3,5.0,anormales
45.3,5.0,anormales
45.3,5.0,anormales
45.3,5.0,anormales
45.0,5.0,anormales
45.0,5.0,anormales
45.0,5.0,anormales
45.0,5.0,anormales
44.9,5.0,anormales
44.9,5.0,anormales
44.9,5.0,anormales
44.9,5.0,anormales
44.6,5.0,anormales
44.6,5.0,anormales
44.6,5.0,anormales
44.6,5.0,anormales
44.4,5.0,anormales
44.4,5.0,anormales
44.4,5.0,anormales
44.4,5.0,anormales
44.1,5.0,anormales
44.1,5.0,anormales
44.1,5.0,anormales
44.1,5.0,anormales
44.0,5.0,anormales
44.0,5.0,anormales
44.0,5.0,anormales
44.0,5.0,anormales
43.7,5.0,anormales
43.7,5.0,anormales
43.7,5.0,anormales
43.7,5.0,anormales
43.4,5.0,anormales
43.4,5.0,anormales
43.4,5.0,anormales
43.4,5.0,anormales
43.1,5.0,anormales
43.1,5.0,anormales
43.1,5.0,anormales
43.1,5.0,anormales
43.0,5.0,anormales
43.0,5.0,anormales
43.0,5.0,anormales
43.0,5.0,anormales
42.8,5.0,anormales
42.8,5.0,anormales
42.8,5.0,anormales
42.8,5.0,anormales
42.5,5.0,anormales
42.5,5.0,anormales
42.5,5.0,anormales
42.5,5.0,anormales
42.2,5.0,anormales
42.2,5.0,anormales
42.2,5.0,anormales
42.2,5.0,anormales
42.0,5.0,anormales
42.0,5.0,anormales
42.0,5.0,anormales
42.0,5.0,anormales
41.9,5.0,anormales
41.9,5.0,anormales
41.9,5.0,anormales
41.9,5.0,anormales
41.6,5.0,anormales
41.6,5.0,anormales
41.6,5.0,anormales
41.6,5.0,anormales
41.3,5.0,anormales
41.3,5.0,anormales
41.3,5.0,anormales
41.3,5.0,anormales
41.1,5.0,anormales
41.1,5.0,anormales
41.1,5.0,anormales
41.1,5.0,anormales
41.0,5.0,anormales
41.0,5.0,anormales
41.0,5.0,anormales
41.0,5.0,anormales
40.8,5.0,anormales
40.8,5.0,anormales
40.8,5.0,anormales
40.8,5.0,anormales
40.5,5.0,anormales
40.5,5.0,anormales
40.5,5.0,anormales
40.5,5.0,anormales
40.3,5.0,anormales
40.3,5.0,anormales
40.3,5.0,anormales
40.3,5.0,anormales
40.0,5.0,anormales
40.0,5.0,anormales
40.0,5.0,anormales
40.0,5.0,anormales
40.0,5.0,anormales
40.0,5.0,anormales
40.0,5.0,anormales
40.0,5.0,anormales
39.8,5.0,anormales
39.8,5.0,anormales
39.8,5.0,anormales
39.8,5.0,anormales
39.6,5.0,anormales
39.6,5.0,anormales
39.6,5.0,anormales
39.6,5.0,anormales
39.4,5.0,anormales
39.4,5.0,anormales
39.4,5.0,anormales
39.4,5.0,anormales
39.1,5.0,anormales
39.1,5.0,anormales
39.1,5.0,anormales
39.1,5.0,anormales
39.0,8.0,anormales
39.0,8.0,anormales
39.0,8.0,anormales
39.0,8.0,anormales
38.9,5.0,anormales
38.9,5.0,anormales
38.9,5.0,anormales
38.9,5.0,anormales
38.7,8.0,anormales
38.7,8.0,anormales
38.7,8.0,anormales
38.7,8.0,anormales
38.5,8.0,anormales
38.5,8.0,anormales
38.5,8.0,anormales
38.5,8.0,anormales
38.3,8.0,anormales
38.3,8.0,anormales
38.3,8.0,anormales
38.3,8.0,anormales
38.1,8.0,anormales
38.1,8.0,anormales
38.1,8.0,anormales
38.1,8.0,anormales
38.0,8.0,anormales
38.0,8.0,anormales
38.0,8.0,anormales
38.0,8.0,anormales
38.0,8.0,anormales
38.0,8.0,anormales
38.0,8.0,anormales
38.0,8.0,anormales
37.8,8.0,anormales
37.8,8.0,anormales
37.8,8.0,anormales
37.8,8.0,anormales
37.6,8.0,anormales
37.6,8.0,anormales
37.6,8.0,anormales
37.6,8.0,anormales
37.4,8.0,anormales
37.4,8.0,anormales
37.4,8.0,anormales
37.4,8.0,anormales
37.2,8.0,anormales
37.2,8.0,anormales
37.2,8.0,anormales
37.2,8.0,anormales
37.0,8.0,anormales
37.0,8.0,anormales
37.0,8.0,anormales
37.0,8.0,anormales
36.9,8.0,anormales
36.9,8.0,anormales
36.9,8.0,anormales
36.9,8.0,anormales
36.7,8.0,anormales
36.7,8.0,anormales
36.7,8.0,anormales
36.7,8.0,anormales
36.6,8.0,anormales
36.6,8.0,anormales
36.6,8.0,anormales
36.6,8.0,anormales
36.5,8.0,anormales
36.5,8.0,anormales
36.5,8.0,anormales
36.5,8.0,anormales
36.3,10.0,anormales
36.3,10.0,anormales
36.3,10.0,anormales
36.3,10.0,anormales
36.2,10.0,anormales
36.2,10.0,anormales
36.2,10.0,anormales
36.2,10.0,anormales
36.1,10.0,anormales
36.1,10.0,anormales
36.1,10.0,anormales
36.1,10.0,anormales
36.0,10.0,anormales
36.0,10.0,anormales
36.0,10.0,anormales
36.0,10.0,anormales
35.9,10.0,anormales
35.9,10.0,anormales
35.9,10.0,anormales
35.9,10.0,anormales
35.7,10.0,anormales
35.7,10.0,anormales
35.7,10.0,anormales
35.7,10.0,anormales
35.6,10.0,anormales
35.6,10.0,anormales
35.6,10.0,anormales
35.6,10.0,anormales
35.5,11.0,anormales
35.5,11.0,anormales
35.5,11.0,anormales
35.5,11.0,anormales
35.4,11.0,anormales
35.4,11.0,anormales
35.4,11.0,anormales
35.4,11.0,anormales
35.3,11.0,anormales
35.3,11.0,anormales
35.3,11.0,anormales
35.3,11.0,anormales
35.2,11.0,anormales
35.2,11.0,anormales
35.2,11.0,anormales
35.2,11.0,anormales
35.1,11.0,anormales
35.1,11.0,anormales
35.1,11.0,anormales
35.1,11.0,anormales
35.0,11.0,anormales
35.0,11.0,anormales
35.0,11.0,anormales
35.0,11.0,anormales
34.9,13.0,anormales
34.9,13.0,anormales
34.9,13.0,anormales
34.9,13.0,anormales
34.8,13.0,anormales
34.8,13.0,anormales
34.8,13.0,anormales
34.8,13.0,anormales
34.7,13.0,anormales
34.7,13.0,anormales
34.7,13.0,anormales
34.7,13.0,anormales
34.6,13.0,anormales
34.6,13.0,anormales
34.6,13.0,anormales
34.6,13.0,anormales
34.5,13.0,anormales
34.5,13.0,anormales
34.5,13.0,anormales
34.5,13.0,anormales
34.4,14.0,anormales
34.4,14.0,anormales
34.4,14.0,anormales
34.4,14.0,anormales
34.3,14.0,anormales
34.3,14.0,anormales
34.3,14.0,anormales
34.3,14.0,anormales
34.2,14.0,anormales
34.2,14.0,anormales
34.2,14.0,anormales
34.2,14.0,anormales
34.1,14.0,anormales
34.1,14.0,anormales
34.1,14.0,anormales
34.1,14.0,anormales
34.0,15.0,anormales
34.0,15.0,anormales
34.0,15.0,anormales
34.0,15.0,anormales
34.0,15.0,anormales
34.0,15.0,anormales
34.0,15.0,anormales
34.0,15.0,anormales
33.9,15.0,anormales
33.9,15.0,anormales
33.9,15.0,anormales
33.9,15.0,anormales
33.8,15.0,anormales
33.8,15.0,anormales
33.8,15.0,anormales
33.8,15.0,anormales
33.7,15.0,anormales
33.7,15.0,anormales
33.7,15.0,anormales
33.7,15.0,anormales
33.6,15.0,anormales
33.6,15.0,anormales
33.6,15.0,anormales
33.6,15.0,anormales
33.5,15.0,anormales
33.5,15.0,anormales
33.5,15.0,anormales
33.5,15.0,anormales
33.5,15.0,anormales
33.5,15.0,anormales
33.5,15.0,anormales
33.5,15.0,anormales
33.4,15.0,anormales
33.4,15.0,anormales
33.4,15.0,anormales
33.4,15.0,anormales
33.3,15.0,anormales
33.3,15.0,anormales
33.3,15.0,anormales
33.3,15.0,anormales
33.2,15.0,anormales
33.2,15.0,anormales
33.2,15.0,anormales
33.2,15.0,anormales
33.1,15.0,anormales
33.1,15.0,anormales
33.1,15.0,anormales
33.1,15.0,anormales
33.0,15.0,anormales
33.0,15.0,anormales
33.0,15.0,anormales
33.0,15.0,anormales
33.0,15.0,anormales
33.0,15.0,anormales
33.0,15.0,anormales
33.0,15.0,anormales
32.9,15.0,anormales
32.9,15.0,anormales
32.9,15.0,anormales
32.9,15.0,anormales
32.8,15.0,anormales
32.8,15.0,anormales
32.8,15.0,anormales
32.8,15.0,anormales
32.7,15.0,anormales
32.7,15.0,anormales
32.7,15.0,anormales
32.7,15.0,anormales
32.6,15.0,anormales
32.6,15.0,anormales
32.6,15.0,anormales
32.6,15.0,anormales
32.5,16.0,anormales
32.5,16.0,anormales
32.5,16.0,anormales
32.5,16.0,anormales
32.4,16.0,anormales
32.4,16.0,anormales
32.4,16.0,anormales
32.4,16.0,anormales
32.4,16.0,anormales
32.4,16.0,anormales
32.4,16.0,anormales
32.4,16.0,anormales
32.3,16.0,anormales
32.3,16.0,anormales
32.3,16.0,anormales
32.3,16.0,anormales
32.2,16.0,anormales
32.2,16.0,anormales
32.2,16.0,anormales
32.2,16.0,anormales
32.1,16.0,anormales
32.1,16.0,anormales
32.1,16.0,anormales
32.1,16.0,anormales
32.1,16.0,anormales
32.1,16.0,anormales
32.1,16.0,anormales
32.1,16.0,anormales
32.0,16.0,anormales
32.0,16.0,anormales
32.0,16.0,anormales
32.0,16.0,anormales
32.0,17.0,anormales
32.0,17.0,anormales
32.0,17.0,anormales
32.0,17.0,anormales
31.9,17.0,anormales
31.9,17.0,anormales
31.9,17.0,anormales
31.9,17.0,anormales
31.8,17.0,anormales
31.8,17.0,anormales
31.8,17.0,anormales
31.8,17.0,anormales
31.8,17.0,anormales
31.8,17.0,anormales
31.8,17.0,anormales
31.8,17.0,anormales
31.7,17.0,anormales
31.7,17.0,anormales
31.7,17.0,anormales
31.7,17.0,anormales
31.6,17.0,anormales
31.6,17.0,anormales
31.6,17.0,anormales
31.6,17.0,anormales
31.6,17.0,anormales
31.6,17.0,anormales
31.6,17.0,anormales
31.6,17.0,anormales
31.5,17.0,anormales
31.5,17.0,anormales
31.5,17.0,anormales
31.5,17.0,anormales
31.4,17.0,anormales
31.4,17.0,anormales
31.4,17.0,anormales
31.4,17.0,anormales
31.4,18.0,anormales
31.4,18.0,anormales
31.4,18.0,anormales
31.4,18.0,anormales
31.3,18.0,anormales
31.3,18.0,anormales
31.3,18.0,anormales
31.3,18.0,anormales
31.3,18.0,anormales
31.3,18.0,anormales
31.3,18.0,anormales
31.3,18.0,anormales
31.2,18.0,anormales
31.2,18.0,anormales
31.2,18.0,anormales
31.2,18.0,anormales
31.1,18.0,anormales
31.1,18.0,anormales
31.1,18.0,anormales
31.1,18.0,anormales
31.1,18.0,anormales
31.1,18.0,anormales
31.1,18.0,anormales
31.1,18.0,anormales
31.0,18.0,anormales
31.0,18.0,anormales
31.0,18.0,anormales
31.0,18.0,anormales
31.0,19.0,anormales
31.0,19.0,anormales
31.0,19.0,anormales
31.0,19.0,anormales
31.0,19.0,anormales
31.0,19.0,anormales
31.0,19.0,anormales
31.0,19.0,anormales
31.0,19.0,anormales
31.0,19.0,anormales
31.0,19.0,anormales
31.0,19.0,anormales
30.9,19.0,anormales
30.9,19.0,anormales
30.9,19.0,anormales
30.9,19.0,anormales
30.9,19.0,anormales
30.9,19.0,anormales
30.9,19.0,anormales
30.9,19.0,anormales
30.9,19.0,anormales
30.9,19.0,anormales
30.9,19.0,anormales
30.9,19.0,anormales
30.8,20.0,anormales
30.8,20.0,anormales
30.8,20.0,anormales
30.8,20.0,anormales
30.8,20.0,anormales
30.8,20.0,anormales
30.8,20.0,anormales
30.8,20.0,anormales
30.7,20.0,anormales
30.7,20.0,anormales
30.7,20.0,anormales
30.7,20.0,anormales
30.7,20.0,anormales
30.7,20.0,anormales
30.7,20.0,anormales
30.7,20.0,anormales
30.6,20.0,anormales
30.6,20.0,anormales
30.6,20.0,anormales
30.6,20.0,anormales
30.6,20.0,anormales
30.6,20.0,anormales
30.6,20.0,anormales
30.6,20.0,anormales
30.5,20.0,anormales
30.5,20.0,anormales
30.5,20.0,anormales
30.5,20.0,anormales
30.5,20.0,anormales
30.5,20.0,anormales
30.5,20.0,anormales
30.5,20.0,anormales
30.5,21.0,anormales
30.5,21.0,anormales
30.5,21.0,anormales
30.5,21.0,anormales
30.4,21.0,anormales
30.4,21.0,anormales
30.4,21.0,anormales
30.4,21.0,anormales
30.4,21.0,anormales
30.4,21.0,anormales
30.4,21.0,anormales
30.4,21.0,anormales
30.3,21.0,anormales
30.3,21.0,anormales
30.3,21.0,anormales
30.3,21.0,anormales
30.3,21.0,anormales
30.3,21.0,anormales
30.3,21.0,anormales
30.3,21.0,anormales
30.2,21.0,anormales
30.2,21.0,anormales
30.2,21.0,anormales
30.2,21.0,anormales
30.2,21.0,anormales
30.2,21.0,anormales
30.2,21.0,anormales
30.2,21.0,anormales
30.1,22.0,anormales
30.1,22.0,anormales
30.1,22.0,anormales
30.1,22.0,anormales
30.1,22.0,anormales
30.1,22.0,anormales
30.1,22.0,anormales
30.1,22.0,anormales
30.0,22.0,anormales
30.0,22.0,anormales
30.0,22.0,anormales
30.0,22.0,anormales
30.0,22.0,anormales
30.0,22.0,anormales
30.0,22.0,anormales
30.0,22.0,anormales
30.0,22.0,anormales
30.0,22.0,anormales
30.0,22.0,anormales
30.0,22.0,anormales
30.0,22.0,anormales
30.0,22.0,anormales
30.0,22.0,anormales
30.0,22.0,anormales
30.0,23.0,anormales
30.0,23.0,anormales
30.0,23.0,anormales
30.0,23.0,anormales
29.9,24.0,anormales
29.9,24.0,anormales
29.9,24.0,anormales
29.9,24.0,anormales
29.9,24.0,anormales
29.9,24.0,anormales
29.9,24.0,anormales
29.9,24.0,anormales
29.8,24.0,anormales
29.8,24.0,anormales
29.8,24.0,anormales
29.8,24.0,anormales
29.8,25.0,anormales
29.8,25.0,anormales
29.8,25.0,anormales
29.8,25.0,anormales
29.8,25.0,anormales
29.8,25.0,anormales
29.8,25.0,anormales
29.8,25.0,anormales
29.7,25.0,anormales
29.7,25.0,anormales
29.7,25.0,anormales
29.7,25.0,anormales
29.7,25.0,anormales
29.7,25.0,anormales
29.7,25.0,anormales
29.7,25.0,anormales
29.7,25.0,anormales
29.7,25.0,anormales
29.7,25.0,anormales
29.7,25.0,anormales
29.6,25.0,anormales
29.6,25.0,anormales
29.6,25.0,anormales
29.6,25.0,anormales
29.6,25.0,anormales
29.6,25.0,anormales
29.6,25.0,anormales
29.6,25.0,anormales
29.6,25.0,anormales
29.6,25.0,anormales
29.6,25.0,anormales
29.6,25.0,anormales
29.5,25.0,anormales
29.5,25.0,anormales
29.5,25.0,anormales
29.5,25.0,anormales
29.5,25.0,anormales
29.5,25.0,anormales
29.5,25.0,anormales
29.5,25.0,anormales
29.5,25.0,anormales
29.5,25.0,anormales
29.5,25.0,anormales
29.5,25.0,anormales
29.4,25.0,anormales
29.4,25.0,anormales
29.4,25.0,anormales
29.4,25.0,anormales
29.4,25.0,anormales
29.4,25.0,anormales
29.4,25.0,anormales
29.4,25.0,anormales
29.4,25.0,anormales
29.4,25.0,anormales
29.4,25.0,anormales
29.4,25.0,anormales
29.4,25.0,anormales
29.4,25.0,anormales
29.4,25.0,anormales
29.4,25.0,anormales
29.3,25.0,anormales
29.3,25.0,anormales
29.3,25.0,anormales
29.3,25.0,anormales
29.3,25.0,anormales
29.3,25.0,anormales
29.3,25.0,anormales
29.3,25.0,anormales
29.3,25.0,anormales
29.3,25.0,anormales
29.3,25.0,anormales
29.3,25.0,anormales
29.2,25.0,anormales
29.2,25.0,anormales
29.2,25.0,anormales
29.2,25.0,anormales
29.2,25.0,anormales
29.2,25.0,anormales
29.2,25.0,anormales
29.2,25.0,anormales
29.2,26.0,anormales
29.2,26.0,anormales
29.2,26.0,anormales
29.2,26.0,anormales
29.2,26.0,anormales
29.2,26.0,anormales
29.2,26.0,anormales
29.2,26.0,anormales
29.1,26.0,anormales
29.1,26.0,anormales
29.1,26.0,anormales
29.1,26.0,anormales
29.1,26.0,anormales
29.1,26.0,anormales
29.1,26.0,anormales
29.1,26.0,anormales
29.1,26.0,anormales
29.1,26.0,anormales
29.1,26.0,anormales
29.1,26.0,anormales
29.0,26.0,anormales
29.0,26.0,anormales
29.0,26.0,anormales
29.0,26.0,anormales
29.0,26.0,anormales
29.0,26.0,anormales
29.0,26.0,anormales
29.0,26.0,anormales
29.0,26.0,anormales
29.0,26.0,anormales
29.0,26.0,anormales
29.0,26.0,anormales
29.0,26.0,anormales
29.0,26.0,anormales
29.0,26.0,anormales
29.0,26.0,anormales
29.0,26.0,anormales
29.0,26.0,anormales
29.0,26.0,anormales
29.0,26.0,anormales
29.0,26.0,anormales
29.0,26.0,anormales
29.0,26.0,anormales
29.0,26.0,anormales
29.0,26.0,anormales
29.0,26.0,anormales
29.0,26.0,anormales
29.0,26.0,anormales
